MD6812_Left_lobe_Cl.10	MD6812_Left_lobe_Cl.11	MD6812_Left_lobe_Cl.12	MD6812_Left_lobe_Cl.14	MD6812_Left_lobe_Cl.17	MD6812_Left_lobe_Cl.18	MD6812_Left_lobe_Cl.19	MD6812_Left_lobe_Cl.2	MD6812_Left_lobe_Cl.21	MD6812_Left_lobe_Cl.22	MD6812_Left_lobe_Cl.23	MD6812_Left_lobe_Cl.4	MD6812_Left_lobe_Cl.5	MD6812_Left_lobe_Cl.6	MD6812_Left_lobe_Cl.7	MD6812_Left_lobe_Cl.8	MD6812_Left_lobe_Cl.9	MD6812_Right_lobe_Cl.1	MD6812_Right_lobe_Cl.10	MD6812_Right_lobe_Cl.11	MD6812_Right_lobe_Cl.12	MD6812_Right_lobe_Cl.15	MD6812_Right_lobe_Cl.19	MD6812_Right_lobe_Cl.20	MD6812_Right_lobe_Cl.3	MD6812_Right_lobe_Cl.4	MD6812_Right_lobe_Cl.5	MD6812_Right_lobe_Cl.8	MD6812_Right_lobe_Cl.9	MD7047_Left_lobe_Cl.1	MD7047_Left_lobe_Cl.10	MD7047_Left_lobe_Cl.100	MD7047_Left_lobe_Cl.11	MD7047_Left_lobe_Cl.12	MD7047_Left_lobe_Cl.13	MD7047_Left_lobe_Cl.15	MD7047_Left_lobe_Cl.16	MD7047_Left_lobe_Cl.17	MD7047_Left_lobe_Cl.18	MD7047_Left_lobe_Cl.19	MD7047_Left_lobe_Cl.22	MD7047_Left_lobe_Cl.23	MD7047_Left_lobe_Cl.24	MD7047_Left_lobe_Cl.26	MD7047_Left_lobe_Cl.29	MD7047_Left_lobe_Cl.3	MD7047_Left_lobe_Cl.32	MD7047_Left_lobe_Cl.33	MD7047_Left_lobe_Cl.37	MD7047_Left_lobe_Cl.40	MD7047_Left_lobe_Cl.41	MD7047_Left_lobe_Cl.43	MD7047_Left_lobe_Cl.46	MD7047_Left_lobe_Cl.47	MD7047_Left_lobe_Cl.48	MD7047_Left_lobe_Cl.49	MD7047_Left_lobe_Cl.5	MD7047_Left_lobe_Cl.50	MD7047_Left_lobe_Cl.51	MD7047_Left_lobe_Cl.53	MD7047_Left_lobe_Cl.59	MD7047_Left_lobe_Cl.63	MD7047_Left_lobe_Cl.65	MD7047_Left_lobe_Cl.7	MD7047_Left_lobe_Cl.74	MD7047_Left_lobe_Cl.77	MD7047_Left_lobe_Cl.8	MD7047_Left_lobe_Cl.80	MD7047_Left_lobe_Cl.89	MD7047_Left_lobe_Cl.9	MD7047_Left_lobe_Cl.92	MD7047_Right_lobe_Cl.1	MD7047_Right_lobe_Cl.10	MD7047_Right_lobe_Cl.100	MD7047_Right_lobe_Cl.11	MD7047_Right_lobe_Cl.12	MD7047_Right_lobe_Cl.13	MD7047_Right_lobe_Cl.14	MD7047_Right_lobe_Cl.15	MD7047_Right_lobe_Cl.16	MD7047_Right_lobe_Cl.17	MD7047_Right_lobe_Cl.18	MD7047_Right_lobe_Cl.19	MD7047_Right_lobe_Cl.20	MD7047_Right_lobe_Cl.21	MD7047_Right_lobe_Cl.23	MD7047_Right_lobe_Cl.25	MD7047_Right_lobe_Cl.28	MD7047_Right_lobe_Cl.3	MD7047_Right_lobe_Cl.30	MD7047_Right_lobe_Cl.34	MD7047_Right_lobe_Cl.39	MD7047_Right_lobe_Cl.40	MD7047_Right_lobe_Cl.42	MD7047_Right_lobe_Cl.5	MD7047_Right_lobe_Cl.56	MD7047_Right_lobe_Cl.59	MD7047_Right_lobe_Cl.62	MD7047_Right_lobe_Cl.76	MD7047_Right_lobe_Cl.79	MD7047_Right_lobe_Cl.8	MD7047_Right_lobe_Cl.84	MD7047_Right_lobe_Cl.9	MD7047_Right_lobe_Cl.90	MD7047_Right_lobe_Cl.95
AC>CA	0.013530447031643	0.118261026582827	0.00998232195682806	0.0447467283025254	0.00387482716402702	0.0405077402898871	8.39966319167286e-05	0.0033565964145092	0.000593536587237649	0.00467911239950603	0.0387816092968059	0.000257093706566999	0.00431523780170819	0.000692708527506575	0.000579283735520607	0.014323107384693	0.00747500066707371	0.0033565964145092	0.000559150336591639	8.39966319167286e-05	0.00387482716402702	0.000472087767856816	0.0264073354529574	0.000559150336591639	0.0150666942362828	0.000236043883928408	0.00366484566356117	0.00194456739160479	3.90707543572053e-05	0.0232888943898448	0.00133685765304215	0.000559150336591639	0.023850171424592	0.0169928818399261	0.0298239502402021	0.0102930528193142	0.0466989243519668	0.0102999879275415	0.0202102689968044	0.0617434834935915	0.0679524101746189	0.0540362407911023	0.0190980029531817	0.0287254058261704	0.000151498843425899	0.0319702181148725	0.000559150336591639	0.0506690647441785	0.0312034332216305	0.00873914575132254	0.000884641955108644	0.0435261512072429	0.0204849831640993	0.00163556073330403	0.0403865836380378	0.0153678082824813	0.0580461653886355	0.0120700341037269	0.0125936147142099	0.00429139467053471	2.28426675801905e-05	0.000819942873096609	0.0268100465395803	0.013344888473524	0.0034005655730677	0.00153719684468221	0.0593911178337536	4.90890151524281e-07	0.00367108219276977	0.0187005754232582	0.00370738400785455	0.0324558731880603	0.079099746269716	0.00366484566356117	0.00181888315373633	0.0555604426117288	0.0115492519875252	0.0128904439423762	0.00370086496214295	0.0579784162011668	0.00242185720079306	0.00081228447436944	0.115483629061101	7.07608971103371e-06	0.0112603302235909	0.0170065546134348	0.0177813415830609	0.00100862974558499	0.00938399659477427	0.0120226649068836	0.00719111496528903	0.000969909692026506	0.0234602318483633	0.0918593211491147	0.00727369577096078	0.00618665396308191	2.28426675801905e-05	9.64348286863603e-05	0.000118240365738569	0.0120665526845398	0.0468398578750229	0.000272362316496263	0.0402755799643797	0.00466465783265591	0.00148221158620933
AC>CG	0.000211692322371288	0.0168667153853047	0.000530867594870202	0.00443853981482073	0.000836528107374057	0.00605917880282925	1.46677611059917e-05	0.000475313652857506	8.40482466599297e-05	0.000943238933195097	0.00473129242353649	4.22541220333855e-05	0.000931607413265973	9.80915725082302e-05	8.20299596284654e-05	0.00189060631506957	0.000167168223515787	0.000475313652857506	7.91789527728305e-05	1.46677611059917e-05	0.000836528107374057	8.517402536613e-05	0.00173692596796398	7.91789527728305e-05	0.00166581691745162	4.2587012683065e-05	0.00079119565260059	0.000275362097789291	5.53264696737067e-06	0.0025369960739814	1.60164588383794e-05	7.91789527728305e-05	0.00354765745238729	0.00140849832360803	0.00494844802386227	0.000446639842385365	0.00818011567173446	0.000704765360210106	0.00244116090698261	0.00635129293161028	0.00585708217023277	0.00771801797696363	0.00370065945305493	0.00197891883010314	2.14531208938864e-05	0.00410775347521039	7.91789527728305e-05	0.00604354435207975	0.00359853303449618	0.00150897489898981	7.38335091990461e-05	0.00310137424277073	0.00340722892251792	0.00023499982919065	0.00193281869550851	0.000702077029455888	0.00751602851640988	0.00255596456946389	0.00137301135361079	0.000569014517260396	4.3992293755935e-06	9.99365333949961e-05	0.00233564431994508	0.00178606859628478	0.000182009411841185	0.000217506143360206	0.00659526636007135	1.02476132196441e-07	0.000792542043485809	0.00274917239274405	0.000800084980056936	0.00241220149783067	0.00717568965678866	0.00079119565260059	0.00025756447578456	0.00540826029834836	0.00211013519122138	0.00174057314349571	0.00079897178154675	0.00864562308864253	0.000214101889162285	4.2757422037459e-05	0.0124848963595388	1.0042523291146e-06	0.00122085733402535	0.00215941443625749	0.000242483495999229	0.00014335609663748	0.000897953347857773	0.000164456899196665	0.00128414728297506	0.000149596163488078	0.00373207679290382	0.0110872455803702	0.00115263149556223	0.000104719619218884	4.3992293755935e-06	1.63592713400572e-05	1.69794303049371e-05	0.00107858568683857	0.00567002403435325	5.11268728336326e-05	0.00497367562764009	0.000684158477774263	0.000210166944155299
AC>CT	0.000229554243332142	0.0707908698249653	0.00180672155306054	0.0178023109082903	0.00365754713613765	0.0255257992038726	6.09906463600689e-05	0.00185225320391894	0.000327528218942819	0.00406346830253285	0.0194484497304024	0.000181109850291728	0.00407326185021053	0.00038225375678465	0.000319663141644947	0.00786826230293586	0.000357265966923092	0.00185225320391894	0.000308553032454948	6.09906463600689e-05	0.00365754713613765	0.000357231779718272	0.00617262668528198	0.000308553032454948	0.00664910664435079	0.000178615889859136	0.00345934029924933	0.00107306054602425	2.15602118934651e-05	0.010193378869412	2.68663180514752e-18	0.000308553032454948	0.0148594765880514	0.00546752363735031	0.0209957414298902	0.00143325809312167	0.0351154540515414	0.00250303036535611	0.00994824684354288	0.0253520026689153	0.0231521010182838	0.0318266837716387	0.0157976047893501	0.00730812416499357	8.36008216277221e-05	0.0171144543673026	0.000308553032454948	0.0249116509791738	0.0148463852359795	0.00625539380434556	0.000274853546613165	0.0117367412123338	0.0145755624930574	0.000920462998988822	0.00660025581613364	0.0022049989146188	0.0313867996574759	0.0111302902809318	0.00558657787102676	0.00222085298980121	1.87524003156879e-05	0.000395760722921283	0.00914534612288485	0.00750673861065609	0.000605797848130905	0.000858980221555301	0.0269058466514706	4.44882978012647e-07	0.00346522711653968	0.0116416499688119	0.00349794045306082	0.00906664083530221	0.0283571999886449	0.00345934029924933	0.00100370486439757	0.0216861572538122	0.00904395431533099	0.0073293834526154	0.00349333982407886	0.0362665392527085	0.000797035172844501	0.000142603206769685	0.0509475170863702	3.9165684500379e-06	0.00502296033850781	0.00899172015580881	0.000125375282876773	0.000559375233036535	0.00363635314803656	8.69178542254003e-05	0.00537150024876376	0.000599889124536182	0.015871544071476	0.0451617774284867	0.00484579845371946	0.000141650095948602	1.87524003156879e-05	6.74858516898143e-05	6.66654016638979e-05	0.004104644135824	0.0235394235912238	0.000216588274191192	0.0205961081023602	0.00274506027746526	0.000819383970327666
AC>GA	0.0141851327678092	0.0614339165473326	0.00852772281882015	0.0309519356769423	0.00101035212968555	0.0198061398941556	2.47893268703505e-05	0.00108293110599494	0.000191491366101489	0.00127581865045986	0.0229890627995882	0.000118034847720296	0.0011251881744641	0.000223486984786792	0.000186893000802998	0.00803445771777868	0.0076295268361792	0.00108293110599494	0.000180397407863871	2.47893268703505e-05	0.00101035212968555	0.000137044236474763	0.0205522407849366	0.000180397407863871	0.00908831422446872	6.85221182373814e-05	0.000955599944050063	0.000627371377437456	1.26053090699888e-05	0.0146321155798131	0.00142081489695302	0.000180397407863871	0.0113689282297855	0.0127942564516512	0.0124085414024167	0.00936470669702826	0.0188834827611653	0.00776142624359072	0.0117245898037321	0.0405642724453546	0.0514634842350886	0.0252988953802103	0.00533160961240916	0.0228599945034114	4.88777290468957e-05	0.0187157828601757	0.000180397407863871	0.0312499676481631	0.020090583127293	0.00259335240589663	0.000606133018201896	0.0351276970279693	0.00904332117218113	0.000524849180228765	0.0367114462282647	0.0133753250732965	0.0339701947288036	0.00318872632991396	0.00823882487711191	0.00168835067258482	6.39953827869529e-06	0.000414855178184464	0.0197112017552215	0.00768528103970219	0.00282851186885175	0.000551534933911446	0.0383973101946569	1.30915014767102e-07	0.000957226104469874	0.00971511879146617	0.000966936785929519	0.0251036625803285	0.0573091095792658	0.000955599944050063	0.000586822156168946	0.0391140830589198	0.00411896788003123	0.00739826049987349	0.000964991891998023	0.0277657725447186	0.00156057466867535	0.000684314536974929	0.0769565567474682	2.28107954084459e-06	0.00767634773936296	0.0100888582240643	0.0187298756995065	0.000324971890423358	0.00688351660051464	0.0126611267553859	0.00209859428355256	0.000302713925931307	0.0108635514858467	0.0532440818422355	0.00312624683805291	0.00645482755058987	6.39953827869529e-06	2.88603897309232e-05	3.87733164297463e-05	0.00810426867924299	0.0291589679650559	7.74096414866921e-05	0.0242118013586796	0.00170648331803349	0.00047797171049363
AC>GG	2.37598814666898e-17	0.0248392516952941	0.00330742735444252	0.00894958745927242	2.00984025797663e-17	0.00942139360748615	7.6633433520477e-05	0.00551265834499685	0.000974786365901246	0.00147966698481092	0.0103081123931478	7.96449345447656e-06	2.23827755135331e-17	0.00113765999043051	0.00095137839775282	0.00304204290817282	6.87053691169541e-05	0.00551265834499685	0.000918312596592106	7.6633433520477e-05	2.00984025797663e-17	0.000370200672923335	0.0137339874755797	0.000918312596592106	0.00771771089580699	0.000185100336461667	1.90092461988453e-17	0.00319363257745312	6.41672973019795e-05	0.00882675705351139	2.26361646082742e-18	0.000918312596592106	0.00819065238551971	0.00375368987757104	0.00876782455310874	0.00216079154169724	0.00551254518987867	0.00640855915591585	0.00788142320256739	0.0212804601268313	0.00656299646646554	0.0308005014622896	0.00933831758367584	0.0088368058815322	0.000248811969130125	0.00435911170422335	0.000918312596592106	0.00867973655115459	0.00276961431301162	0.00835075704777226	0.000608549476515318	0.00701797478687182	0.0020782101341041	0.00261108092899512	0.00365197299980839	0.00656249676969877	0.00636855464974091	0.00110125378297119	0.00241410402209115	0.00596600774920474	1.176721235249e-05	0.00072829800312087	0.00612502107662521	0.000721669633334261	0.00163979712933909	0.00213291739103583	0.0112707950926376	7.74071814841864e-08	1.90415945512824e-17	0.00162222826032591	6.50425746470659e-06	0.0102102196179816	0.0161220587686997	1.90092461988453e-17	0.00298721685832609	0.00913471848478634	0.00285100909650673	0.000447641629281882	1.91960752709284e-17	0.0183920851406041	0.0020349284986391	0.000349990166451898	0.0150710959331094	1.15718628429274e-05	0.000140075502443118	0.00209140206248707	0.000373140722847464	0.00164482971451063	2.93482868215477e-17	0.000258684089956498	0.00593256882584741	0.0013220479275712	0.00353520597135636	0.0363846479023844	0.00294683604576199	1.09997484344826e-17	1.176721235249e-05	9.86046143681511e-05	0.00018311130463639	0.00746055441511354	0.00375974249973513	0.000169642461676577	0.00661460022231573	0.00556132445465334	0.00242816194212888
AC>GT	9.34486135356812e-05	0.0884473398252886	0.00867652537449499	0.0287327692248361	0.00148836819104215	0.0330084894545121	0.000208819599888962	0.0139899018444142	0.00247379117746494	0.00520630300286806	0.0326644968737718	9.28224674662157e-05	0.00165753526775894	0.00288712824238141	0.00241438695607493	0.0105059458285984	0.000310366601081224	0.0139899018444142	0.00233047330068485	0.000208819599888962	0.00148836819104215	0.00103423855525746	0.0354878533925109	0.00233047330068485	0.0212363445274502	0.000517119277628731	0.00140771174553611	0.00810472978544768	0.000162842341153023	0.0253415032471068	3.61661973769859e-09	0.00233047330068485	0.0257129516879474	0.0112377244861624	0.0295958030654973	0.00577142547949281	0.0275254694495444	0.0164058411559467	0.0229719515638448	0.0614120167199072	0.0251794900295251	0.0869048036136024	0.0288502889678498	0.0241915552494879	0.000631429486103562	0.0174308723147234	0.00233047330068485	0.0309778484674194	0.0126914696599106	0.0225960891370386	0.00157300468484864	0.0216266213475138	0.0109211404687019	0.00664389806908208	0.0114545008729688	0.0166541892336484	0.028063527044449	0.00717342110390969	0.00806974861632472	0.0152284117360993	3.5884581472678e-05	0.00190972701023848	0.018428040292453	0.00478750063761747	0.00418375744356841	0.00547078496144957	0.0380106226901507	3.66894979297071e-07	0.00141010727217605	0.0086324104534481	0.0014390363741827	0.0282047875369141	0.0502493908614896	0.00140771174553611	0.00758089256046308	0.0307577521823025	0.0105256786961736	0.00405737416374163	0.00142154719573902	0.0589183071060418	0.00521030411925424	0.000898374732949475	0.0569187053255967	2.93783823720644e-05	0.0023803408569146	0.00868058468789162	0.000946995723887951	0.00417694379922152	0.00147975867155103	0.000656514833926369	0.0164302171508456	0.00341841523746864	0.0149468369809345	0.105739132389448	0.00904740582842825	5.76581025865128e-05	3.5884581472678e-05	0.000264216581524622	0.000466787428392313	0.0195834786599925	0.0186062968490289	0.000495456290504284	0.024263213626213	0.0144700631093219	0.00616356844752539
AC>TA	0.00424423052711934	0.0600109497796419	0.00311602006264968	0.0191369141115893	0.00267978701063551	0.0208879126644655	3.48123902551019e-05	0.000646818579146298	0.00011437493359908	0.00278654707615602	0.0176976972369062	0.000151058793907178	0.00298437006847108	0.000133485438877179	0.000111628398669664	0.00697360590169295	0.00242452511524451	0.000646818579146298	0.000107748678000141	3.48123902551019e-05	0.00267978701063551	0.000214035712298777	0.00778213426038649	0.000107748678000141	0.00573946071501164	0.000107017856149388	0.00253456615984604	0.000374719555754499	7.52896288343227e-06	0.00947773660120219	0.000410098845256893	0.000107748678000141	0.0116835341353707	0.00666693795690732	0.0158985940056263	0.00329578958746902	0.0275036321353562	0.00285716473898404	0.00862853946876651	0.0248832892748807	0.0289292757637597	0.0231933689670424	0.0103712882665644	0.00996710512452907	2.91939377112681e-05	0.0158847506507212	0.000107748678000141	0.0239077573198232	0.0150529946112098	0.00350720748983395	0.000257804391841472	0.0166883861186456	0.0117972862780928	0.000337974212236135	0.0143260641251127	0.00425850461696204	0.029287717799296	0.00801297522996587	0.00564247726277343	0.000990266732386772	1.22232372932063e-05	0.00026252912835946	0.0106883584086957	0.00700514003033282	0.000951634243867955	0.0003814433295652	0.0268614867398033	3.15980345721667e-07	0.00253887927350432	0.0101479093911064	0.0025620094203567	0.0115448795409581	0.0324976013335509	0.00253456615984604	0.000350500111376928	0.0239993387028008	0.00664143846169834	0.00684999655688573	0.00255947670279045	0.0287742721933529	0.000647798736216033	0.000235066553734875	0.0530855607881225	1.37858967168491e-06	0.00547313225750027	0.00845105214896234	0.00542874760218548	0.00019791138508124	0.00436115742181444	0.00367014620357096	0.00317117349262202	0.000269183612391594	0.0129375638635494	0.0390798799312851	0.00359854170797552	0.00195558711364824	1.22232372932063e-05	3.67403793076111e-05	2.56499719959762e-05	0.00383487048038116	0.0231893131156443	0.000136830875137265	0.0193863440330643	0.00140202277449106	0.000287484485782278
AC>TG	0.00029770109988325	0.0377357219368827	0.00082965976455236	0.00945694557559644	0.00202794692696741	0.0135406487144624	2.76801885658815e-05	0.000585566819757444	0.000103543973977955	0.00213452807919267	0.0101575884964272	0.000100590329644781	0.00225844221397812	0.00012084477231684	0.000101057527583522	0.00418593645662016	0.000283384072663098	0.000585566819757444	9.75452047046727e-05	2.76801885658815e-05	0.00202794692696741	0.000168425357972789	0.0025329748102462	9.75452047046727e-05	0.0031465007310923	8.42126789863946e-05	0.00191805006691052	0.000339234749338354	6.81599291341027e-06	0.00507653623878582	1.71466525064102e-05	9.75452047046727e-05	0.00766047496299129	0.00286240426921274	0.0110079115144443	0.000727187433775144	0.0191324700995799	0.000951962061305015	0.00498322976460116	0.0127309350584904	0.012846958918317	0.015340826030404	0.00801130401930896	0.00358488790267921	2.64293602764889e-05	0.00930350710317681	9.75452047046727e-05	0.013400600027055	0.00819938272909317	0.0027996518959262	0.000109302154214544	0.00632156118325368	0.00797303478926864	0.000301273919505687	0.00378358678305846	0.000842940954996276	0.0171899813860816	0.00608306737209539	0.00298198424884023	0.000759147666747654	9.45511320835386e-06	0.000163889755450104	0.00477995772581415	0.00417118427808011	0.000234646187384285	0.000306598320328957	0.0143751811699293	2.40469424634217e-07	0.00192131404481408	0.00640128204769664	0.00193893130522586	0.00446942825485999	0.0150087535704621	0.00191805006691052	0.000317308812951082	0.0116808642287638	0.0048021689683206	0.00409226161674078	0.00193690128859818	0.0188266173409875	0.000292605318528247	5.83870665152052e-05	0.0277813478358095	1.24494801563047e-06	0.00284951060220939	0.00490720266678323	0.000264786767267831	0.000178439221331809	0.00208714487563263	0.000179661509168673	0.00250320825707498	0.000226749058541456	0.00859075451463635	0.0225732008692466	0.00246870041790484	0.000155964482622984	9.45511320835386e-06	2.95221524543866e-05	2.23170738277917e-05	0.00175322979325338	0.0130192216544082	0.000106504460607092	0.0111052206440428	0.00108117957502186	0.000259877304292042
AC>TT	0.00136562275590396	0.263492466363728	0.00699824178774639	0.0668486238837664	0.013525681736113	0.0949276402342381	0.000226372157890879	0.00690919845906272	0.00122173224526289	0.0150427646975655	0.0726375892016071	0.000672292001258687	0.015063002980729	0.00142586718800623	0.00119239425851687	0.0293327622376969	0.0015972181810813	0.00690919845906272	0.00115095178772877	0.000226372157890879	0.013525681736113	0.00132504787384861	0.0236123608089273	0.00115095178772877	0.0249079465433839	0.000662523936924305	0.0127927089284121	0.00400268616374124	8.04230126184809e-05	0.038189534283632	5.1988908729417e-05	0.00115095178772877	0.0552738320695206	0.0206582010066041	0.0779459214440714	0.00564353314211793	0.130232294136863	0.00955985699235371	0.0371724961490376	0.0951293471318131	0.0873119929214109	0.118515532516397	0.0585206968369655	0.0278501047693892	0.00031184433464309	0.0638319729107426	0.00115095178772877	0.0930762590237937	0.0555067013850596	0.0232227473096683	0.00104007864906623	0.0446185969681161	0.0540988570380454	0.00343208662431236	0.0257100566253502	0.00866723949809075	0.117039379198807	0.0411719259477291	0.0209211889325702	0.00829389142635283	6.94738180612067e-05	0.00147981370314498	0.034491399540462	0.0279704595502558	0.00234911673942321	0.00320296960312366	0.10071036003574	1.64602195762702e-06	0.0128144784953225	0.0433002324903404	0.0129355232989606	0.0344270806392256	0.106788815287177	0.0127927089284121	0.00374397846243536	0.0814718650621996	0.0335240010662692	0.0273039669257505	0.0129184398444897	0.134892650694677	0.00301075680479369	0.000553400087183514	0.190811471212637	1.46085085263681e-05	0.0188061018147114	0.0335444873705503	0.00115033071930484	0.00208634267803075	0.0136624245999518	0.000785640088697881	0.0199279781978151	0.00223267823386734	0.0589551358562093	0.168755851509515	0.0180059184946583	0.000758581099046047	6.94738180612067e-05	0.0002506288155665	0.000248557913808751	0.0154863837144195	0.0879046200829776	0.000802779641471408	0.0768889136607201	0.0102249497304792	0.00305631909117754
AT>CA	0.00295215880266407	0.116177220328269	0.0155725385544946	0.0437254147323413	0.000195552025100429	0.0433430643362585	0.000324766415627974	0.0232266671602534	0.00410709988833058	0.00642500370514288	0.0477312402855501	5.70827741248476e-05	0.00021777835634789	0.00479334075968053	0.00400847431586521	0.0143376867597576	0.00187364674350277	0.0232266671602534	0.0038691570736414	0.000324766415627974	0.000195552025100429	0.00157222793930503	0.0615765047754687	0.0038691570736414	0.0340772901944677	0.000786113969652515	0.000184954827880657	0.0134558385930025	0.00027035821263234	0.0398460135494724	0.000295787828547491	0.0038691570736414	0.0364928447590904	0.0183085636677102	0.0390934672002205	0.0109624697683847	0.0267974861046514	0.0283536844523161	0.0352960803799809	0.0971625497712763	0.0380127782518071	0.133693107787692	0.0400223123014516	0.0416125131728918	0.00104832776326826	0.022021144191115	0.0038691570736414	0.0426324189793486	0.0156822839584039	0.0353689538492934	0.00266503582933006	0.0365570951412472	0.0104977600548345	0.0110036607988886	0.022858563438049	0.0301661049536967	0.0335261459217834	0.00521525078366959	0.0117685671238168	0.025243402165416	5.03704012294384e-05	0.00312453236504626	0.0296311302570241	0.00458169264462325	0.00743057361671296	0.00901370805124254	0.0549268527853822	3.4853751037465e-07	0.000185269568607072	0.0087463008308289	0.000214306358465584	0.0478048435293426	0.0791062607017442	0.000184954827880657	0.0125861403630806	0.0461816247461604	0.0127204644197773	0.00337892029136004	0.000186772624257682	0.0823985287241808	0.00881503659161714	0.0016026727408305	0.078718681207501	4.87576350655408e-05	0.00216241818133083	0.0107930538585904	0.00545612579973277	0.00693057474721459	0.00141832375566624	0.00371515950083294	0.0251765043274816	0.00557855214122979	0.0169526626620812	0.162763967655357	0.0129307302501606	0.0013432051427498	5.03704012294384e-05	0.000417290894545883	0.000772071536080673	0.0328093967626688	0.0216676093534172	0.000723292688017436	0.0325651889811238	0.0235559927796123	0.0102308439308097
AT>CC	2.42054721931655e-06	0.0216338215491088	0.00280027161178827	0.00771343872431857	3.85672049503624e-05	0.00819162195278203	6.50842864081634e-05	0.00465513371355289	0.000823152931205496	0.00128710161156878	0.00887318214433137	8.60707696552468e-06	4.29507313908338e-05	0.000960690658585759	0.000803386202546825	0.00264102568622522	6.15416566155871e-05	0.00465513371355289	0.000775463970455555	6.50842864081634e-05	3.85672049503624e-05	0.000315069141546051	0.0116140179123532	0.000775463970455555	0.00655994633641907	0.000157534570773025	3.64772021653519e-05	0.00269684528762707	5.41857177216715e-05	0.00752991765681228	2.26038733606161e-18	0.000775463970455555	0.00704421822527463	0.00321413595227217	0.00759426733061488	0.0018321258607501	0.00500578419394723	0.00541536018136168	0.00673240021999647	0.0181620958638846	0.00576296199342033	0.0262357852842851	0.00801918372613659	0.00750794400575988	0.000210107885043217	0.00384604775410585	0.000775463970455555	0.00756148552140194	0.0024855212762185	0.00708812425232876	0.000514628360082903	0.00602518405065278	0.00190126277778297	0.00220536767452726	0.0031405462359585	0.00554166393885674	0.00568628681132579	0.00104340988148304	0.00208893160550225	0.00504024261636966	1.00928019201135e-05	0.000616599984937127	0.00524697285272475	0.00068600827258103	0.00138529569176255	0.00180263094207902	0.00976133837339863	6.97829058076019e-08	3.65392760308393e-05	0.00148689014755897	4.23536632794956e-05	0.0086813924161454	0.0138560770243749	3.64772021653519e-05	0.00252253868036425	0.00791006910587057	0.00249278222083073	0.000453707588893798	3.68357120063761e-05	0.0158483460054394	0.00171957875507317	0.000295810934185804	0.0132105256554556	9.77209499254928e-06	0.000170754575313275	0.00185347676021133	0.000315096610404529	0.00138903809425924	3.83437237887116e-05	0.000218444342629934	0.00504534594801659	0.00111803761472906	0.00314011827348192	0.0310721148788489	0.00252909556062734	1.4936371503592e-06	1.00928019201135e-05	8.36283738180308e-05	0.000154681522959935	0.00631687284923639	0.00340978574434931	0.000144936422953449	0.00577940386129661	0.00470547136970926	0.00205048499549986
AT>CG	3.1554928188048e-17	0.00019209021311068	2.55774382077088e-05	6.92101430185034e-05	1.90120024403195e-17	7.28587772313667e-05	5.92631885891871e-07	4.26312245346423e-05	7.53834789630297e-06	1.14427580158895e-05	7.97160691737941e-05	6.15920827156822e-08	2.11728957560448e-17	8.7979039259959e-06	7.35732627595514e-06	2.35251318232503e-05	5.31321521188918e-07	4.26312245346423e-05	7.10161741364562e-06	5.92631885891871e-07	1.90120024403195e-17	2.86288520394166e-06	0.000106209503144528	7.10161741364562e-06	5.96836309276088e-05	1.43144260197083e-06	1.79817193772861e-17	2.46974252656374e-05	4.96227099135308e-07	6.82602545472153e-05	3.05475202844898e-18	7.10161741364562e-06	6.33410451147619e-05	2.9028535053261e-05	6.78045098774794e-05	1.67101212558143e-05	4.26303494685849e-05	4.9559524139098e-05	6.09496727665762e-05	0.000164568891647656	5.07538393408697e-05	0.000238190544641845	7.22163226471584e-05	6.83379654839139e-05	1.9241458946063e-06	3.37104638461035e-05	7.10161741364562e-06	6.7123295995759e-05	2.14183506873952e-05	6.45791878361232e-05	4.70611595171982e-06	5.42723383519237e-05	1.60714917038202e-05	2.01923591842292e-05	2.8241924531953e-05	5.07499750190297e-05	4.92501559581999e-05	8.51636258836598e-06	1.86690711042099e-05	4.61371265938521e-05	9.09997755259992e-08	5.632171224136e-06	4.73668296593068e-05	5.58091183116757e-06	1.26810978002279e-05	1.64945611573447e-05	8.71608153832473e-05	5.98615536813201e-10	1.8012319170132e-17	1.25452318799244e-05	5.02995910784201e-08	7.89590317124664e-05	0.000124677254478164	1.79817193772861e-17	2.31011437043884e-05	7.06418229491791e-05	2.20478036796966e-05	3.46176193316162e-06	1.8158449580608e-17	0.000142232125087528	1.57367803894787e-05	2.70659062056278e-06	0.000116549808549747	8.94890726519723e-08	1.08325055226585e-06	1.61735092832918e-05	2.88562159006027e-06	1.27200164588823e-05	3.15417266231284e-17	2.00049029569054e-06	4.58785322532374e-05	1.02238373065514e-05	2.73389261785779e-05	0.000281374610445355	2.27888654205825e-05	1.45300517027537e-17	9.09997755259992e-08	7.62542351113879e-07	1.41606075585478e-06	5.76949541435662e-05	2.90753419981141e-05	1.31190170363302e-06	5.11529083860412e-05	4.30075757826578e-05	1.87777856857967e-05
AT>GA	0.00116601339418872	0.160852305936183	0.0174117397010227	0.0545278964165751	0.00200984025797663	0.0600519856758667	0.000400829752954565	0.0274407882062066	0.00485226991026399	0.0093251530479568	0.0613138556287236	0.00014264262573543	0.00223827755135331	0.00566301861903185	0.00473575024659182	0.0193129646968546	0.00107965329138276	0.0274407882062066	0.0045711560363696	0.000400829752954565	0.00200984025797663	0.00197072580800298	0.0705039024343513	0.0045711560363696	0.0411209050487754	0.00098536290400149	0.00190092461988453	0.0158971932744333	0.000319410546569854	0.0487119861550706	0.000104623642411995	0.0045711560363696	0.0478967396444207	0.0217986709562291	0.0539824473734568	0.0117885078902156	0.0463526969010896	0.0325642812581094	0.0438442638328114	0.118240292562843	0.0474481447241716	0.166100656914219	0.0534407640024126	0.0478391736487729	0.00123853069078107	0.0312950991343318	0.0045711560363696	0.0570204728263783	0.022589593433736	0.0434637518571934	0.00310229758497806	0.0423819461916549	0.0183240797583646	0.0130210861617568	0.0236724792530151	0.03355663138907	0.0495870031592547	0.0113946176981403	0.015115618830592	0.0298499283657172	6.67064814375023e-05	0.00372525044768053	0.0356022171848281	0.00799177021584471	0.00837611857027725	0.0107022587811107	0.0710015783956591	6.15489175153025e-07	0.00190415945512824	0.0146389208310607	0.0019533114388793	0.0555074222755832	0.0963779649540582	0.00190092461988453	0.0148697016947788	0.0580700652049929	0.0187325810926818	0.00656542048198013	0.00191960752709284	0.109251078545986	0.0102748545736135	0.00180073348095863	0.104749313319486	5.76177800306027e-05	0.00389356037306734	0.0155094321321384	0.00323121388588124	0.00819128532505359	0.00243110364101885	0.00221624926531082	0.0313873233292323	0.00666640828668852	0.0261163743870675	0.201937894829407	0.0168965496858819	0.000550266134088235	6.67064814375023e-05	0.00050970993660444	0.000914413624618605	0.0384713802678852	0.0325956692566433	0.000932137095626589	0.0443358413871141	0.028192037836061	0.0120887856698043
AT>GC	5.64868849964275e-05	0.04630302884788	0.00617520861779523	0.0167267720395932	1.90120024403195e-17	0.0175499701913689	0.000142367889829153	0.0102412941698164	0.00181093644865209	0.00274889244289316	0.0192163759507247	1.50649795258083e-05	2.11728957560448e-17	0.00211351944888867	0.00176744964560302	0.00567362253376855	0.000157734174731532	0.0102412941698164	0.00170602073500222	0.000142367889829153	1.90120024403195e-17	0.00068775058347535	0.0255843923129031	0.00170602073500222	0.0143635990183735	0.000343875291737675	1.79817193772861e-17	0.00593305963277957	0.000119208578987677	0.016441759569143	5.68325958781207e-06	0.00170602073500222	0.0152420735707751	0.0070171013635273	0.0163114701353082	0.00404924997688972	0.0102755320160338	0.0119313023276411	0.014674571958432	0.0396597892489903	0.0123701405458747	0.0572737485808493	0.0173485188887844	0.0164965234724571	0.000462237347095078	0.0081524064469496	0.00170602073500222	0.0162188975353231	0.00520813769047425	0.0155138508709725	0.00113241827413078	0.0131624708224658	0.0038800591663369	0.0048508081258665	0.0069225933176313	0.0122400053016496	0.0119299193662651	0.00204588480569753	0.00451065053210119	0.0110853430924116	2.18608656148481e-05	0.00135393608048579	0.0114451287873631	0.00136284921485682	0.00305634361825122	0.00396285941501972	0.0210578203661959	1.43805341601731e-07	1.8012319170132e-17	0.00303906420379358	1.20834649788596e-05	0.0190544832903832	0.030142422822967	1.79817193772861e-17	0.00554958509680135	0.0170989847368777	0.005301842309097	0.000852927553506689	1.8158449580608e-17	0.0342317736365417	0.00378496305121537	0.000652638566371207	0.0282440316675906	2.1497949637083e-05	0.000285326360780189	0.00391491338705075	0.000767838839999929	0.00305572809184642	2.35160761909797e-05	0.000531018792598003	0.0110213945297965	0.00245607126099894	0.00659207863509492	0.0677425831634496	0.00548049563451389	2.5662793858718e-05	2.18608656148481e-05	0.000183185461359498	0.00034018564163586	0.0138848413411245	0.00707383357283489	0.000315157995470262	0.0123598049803748	0.0103331925152935	0.00451098529693277
AT>TA	0.0146290710089906	0.107372610654637	0.0138306598631877	0.0469308238948993	0.00143585885096889	0.0369838544704584	0.00014462275499155	0.00940827024212796	0.00166363539780479	0.00392533597180317	0.040905167043198	0.000152806255960382	0.00159905774614701	0.00194160638366806	0.00162368579883148	0.0135889252956086	0.00799445632923006	0.00940827024212796	0.00156725349818386	0.00014462275499155	0.00143585885096889	0.000723217847672413	0.0419896640488594	0.00156725349818386	0.0214062504836202	0.000361608923836207	0.00135804794916075	0.00545046626551998	0.000109512187395378	0.0291254067572117	0.00146279351890844	0.00156725349818386	0.0253367154448762	0.0192744029129918	0.0279181652532773	0.0129686301794837	0.0313328301645039	0.0176697287387507	0.0247176420856348	0.0757464509346341	0.065123423502411	0.0747065504530405	0.0209073579935093	0.0372990218777383	0.00042463909398208	0.0275195934727221	0.00156725349818386	0.0476105543088305	0.0263561687117905	0.0156061590775286	0.00154716785178832	0.0477380713604934	0.0139381834395932	0.00447318036312325	0.0438714426779281	0.0236432445907382	0.0477186214252082	0.00610367773918185	0.0126306501141634	0.0107369997877232	2.58922651476444e-05	0.00153911714521062	0.0302748446216295	0.00978385063674908	0.00538495296119719	0.00379202546086785	0.0589886494257206	2.96547470692709e-07	0.00136035896208711	0.0136430395103545	0.00138344403152733	0.0418154771780846	0.0857382080230882	0.00135804794916075	0.00509818343820985	0.0560260465282014	0.00940447982611119	0.00906687187406306	0.00137139528737353	0.0595101536769658	0.00468032213698269	0.00123376957188815	0.106866968587132	1.97604705407617e-05	0.00865214882952647	0.0144299455293703	0.0198446180784568	0.0028098111807645	0.00748025597461526	0.013424374548709	0.0114510949869183	0.00231741149088572	0.0180913600390366	0.113117840261906	0.00806897339561216	0.00666086137327614	2.58922651476444e-05	0.000181771979858702	0.000315950887883949	0.0197403593977168	0.0380864319452974	0.000352173434993113	0.0368658405580508	0.0102182703749026	0.00414544552082743
CC>AA	2.36596022169566e-17	4.68261581547993e-16	2.66466596852074e-17	1.46084010066594e-16	1.90120024403195e-17	1.65744097992608e-16	4.33523523091222e-19	1.80080172603231e-17	3.18430212861074e-18	2.33712778537727e-17	1.43090204329903e-16	1.06039717097052e-18	2.11728957560448e-17	3.71635596873965e-18	3.10783609932588e-18	5.43464025357238e-17	1.39310660860546e-17	1.80080172603231e-17	2.99982114886755e-18	4.33523523091222e-19	1.90120024403195e-17	2.41965175909164e-18	8.06827429214502e-17	2.99982114886755e-18	5.65583629615145e-17	1.20982587954582e-18	1.79817193772861e-17	1.04325330863469e-17	2.09613171186466e-19	8.37467016936789e-17	2.26038733606161e-18	2.99982114886755e-18	9.98970380530449e-17	5.14592451798921e-17	1.31532919568439e-16	2.4647080879932e-17	2.04611556192517e-16	3.29438380993654e-17	7.66734382666837e-17	2.14013597368045e-16	2.00938796257154e-16	2.33440080008807e-16	9.63117380272852e-17	8.31204966896193e-17	8.12785765825076e-19	1.17122876585443e-16	2.99982114886755e-18	1.80022587723648e-16	1.06363141054441e-16	4.52099139869576e-17	3.09695493904874e-18	1.21246091423522e-16	8.6562189600778e-17	8.75377260495891e-18	9.47616298397004e-17	4.06654697405081e-17	2.12030274366982e-16	5.95295204122245e-17	4.29629950194009e-17	2.1339595667431e-17	1.15363064378763e-19	3.53028361697591e-18	8.31783717445642e-17	4.89258369033892e-17	9.60499022595718e-18	7.85561839191864e-18	2.04394421052563e-16	2.43017966389945e-21	1.8012319170132e-17	7.30518087984135e-17	1.81922510711519e-17	9.69193037719953e-17	2.47962477287909e-16	1.79817193772861e-17	9.75824173719855e-18	1.77801627101619e-16	5.34529023140842e-17	4.72538783037924e-17	1.8158449580608e-17	2.41675201784945e-16	9.03333897228523e-18	2.24159741672163e-18	3.85292615699238e-16	3.79491595190168e-20	3.63042235092251e-17	6.16724248756315e-17	3.08998399846084e-17	5.4080018433536e-18	2.82548205191646e-17	2.09068910396157e-17	3.69394524521064e-17	5.12792292601908e-18	9.75996251130508e-17	3.48922069324487e-16	3.2026306447793e-17	1.0943093015683e-17	1.15363064378763e-19	5.00684824387551e-19	6.27080477143848e-19	4.25363656787395e-17	1.63498271402309e-16	1.38370907491538e-18	1.45490960886693e-16	2.33144556433695e-17	7.95030080465557e-18
CC>AG	0.020188957177095	0.810429574699447	0.019279668629696	0.212832794954737	0.0439992056475965	0.287592635780006	0.000457054182162868	0.00238146840503864	0.000421107710069338	0.0435407481938562	0.217169288481042	0.00223285244496624	0.0490001301782752	0.000491469115865978	0.000410995467829218	0.0905150478365738	0.0133347288148956	0.00238146840503864	0.00039671104172779	0.000457054182162868	0.0439992056475965	0.00296097510301455	0.0461781133163044	0.00039671104172779	0.0600881085952381	0.00148048755150727	0.0416148362731479	0.00137964927345975	2.77202724344551e-05	0.104212487483673	0.00175341474783065	0.00039671104172779	0.157104178441145	0.0656672746096939	0.227955338975776	0.0202332154253704	0.413156313363908	0.0148813846770152	0.101292569479989	0.266850968277946	0.309599301035764	0.288108710428275	0.156329351698133	0.0806037098716774	0.000107486770664214	0.206850641315494	0.00039671104172779	0.297308919090219	0.187977592281184	0.0451044618475813	0.00168605435862625	0.154306941065672	0.173763050765539	0.00164694602388479	0.108803745881815	0.0177504176030873	0.384991539839483	0.129918581703273	0.0664442533026531	0.00574254067767307	0.000183106402199447	0.00241565589017351	0.108329026332337	0.0945316011323861	0.00444234695998188	0.00274853060193829	0.319754112149052	5.0723716896909e-06	0.0416856529365913	0.142002591280402	0.0420557044174575	0.0987939126972206	0.341924191716259	0.0416148362731479	0.00129047768279687	0.267611137238889	0.100139465999051	0.0931286029300787	0.0420238404579784	0.389430660451764	0.00363598351921829	0.00120314999852003	0.634153000010747	5.34095939962338e-06	0.0676621092875233	0.109735609028661	0.023185105502921	0.000791315203872257	0.0509994922271727	0.0156740200922134	0.043201096512806	0.00244392114391665	0.18571179362069	0.45759406367292	0.0494847626840834	0.00962156373070485	0.000183106402199447	0.00045587404522358	0.00014264262573543	0.0300932087648593	0.297079027986998	0.00199308667797352	0.245898867342166	0.0134049249444317	0.00109132925299392
CC>AT	0.0506650159387794	0.596234385972705	0.0789751310838628	0.244611003330547	0.00439992056475965	0.213388324248891	0.00121744083453551	0.0845274279566183	0.0149467242771524	0.0269783803060755	0.236335004685137	0.000576483738202677	0.00490001301782752	0.0174441198532677	0.0145878020988765	0.074668439722779	0.0283014812078267	0.0845274279566183	0.0140807931477456	0.00121744083453551	0.00439992056475965	0.00595651515938894	0.274633669754926	0.0140807931477456	0.14623864210493	0.00297825757969447	0.00416148362731479	0.0489690328542811	0.00098389855863035	0.182937131585247	0.00506972588230961	0.0140807931477456	0.163046165611019	0.101491707619275	0.176492393661223	0.0651861919366394	0.15526961952061	0.121542680555951	0.158745817801587	0.460079881442489	0.284215209592466	0.545623016716904	0.158417056133227	0.211815026110886	0.00381511685999525	0.133966277953525	0.0140807931477456	0.243290466151652	0.115236874229308	0.132194634879469	0.0110826164121685	0.230069742251203	0.065692975057228	0.0400884701508477	0.185597803196947	0.143750563411194	0.220754456607818	0.0298301753457935	0.0657594448860748	0.0933682548807931	0.000198232886051163	0.0121698390020343	0.161496919884946	0.0395607810633083	0.0340986995610088	0.0332085696178048	0.306951010034887	1.69080329481979e-06	0.00416856529365913	0.0608137108656777	0.00430502140561515	0.240199013086684	0.445378474937283	0.00416148362731479	0.0458039918276666	0.277274396485458	0.0581714110490372	0.0345084245691204	0.00420238404579784	0.374731362752935	0.0353688894293131	0.0075683831645295	0.505091753791435	0.000177469421723368	0.0305215259787913	0.0684023149553819	0.0722915402102201	0.0252287971658834	0.0253518337014895	0.0489623671833895	0.0950298780076638	0.0204586812000123	0.0936824509718235	0.729535947237703	0.0551121048212938	0.0230627794706033	0.000198232886051163	0.0015532651054933	0.00281882208176491	0.138430429963124	0.163899196376192	0.00279316452582709	0.187172140319493	0.0876549342546428	0.0372360527753756
CC>GA	0.011401343574649	0.0443223359746477	0.0076252711454949	0.0245424260978969	0.000122401082377676	0.0142419869750696	3.36378959833161e-05	0.00233491706790311	0.000412876180757283	0.000746068643682368	0.0182525928390979	6.35469151470704e-05	0.000136313119343679	0.00048186220928012	0.00040296160580375	0.00599195809242686	0.00611055544528785	0.00233491706790311	0.000388956402023234	3.36378959833161e-05	0.000122401082377676	0.000164592768669481	0.0199271613193189	0.000388956402023234	0.00861004703885297	8.22963843347405e-05	0.000115768021895671	0.00135268082058348	2.71784152572384e-05	0.0127761180007495	0.00114633929185982	0.000388956402023234	0.00905043326624287	0.01052088943003	0.00891667076015665	0.00799440078696922	0.010396365902002	0.00789447001902573	0.0101659704551656	0.0349210402404584	0.0392937456904779	0.0245075531630639	0.00437896523938102	0.0199643142551614	0.000105385691813782	0.0132914637412473	0.000388956402023234	0.0233476160023536	0.0143077978768354	0.00365244957329918	0.000637010909548971	0.0284254503797045	0.00521869634869537	0.0011073815220666	0.0295697297305751	0.0125309148279114	0.023556208918788	0.000826538289074832	0.0063826103367294	0.00290258150950714	5.47930901027481e-06	0.000499145212156642	0.0161844576947998	0.00501600077331721	0.00270635592832696	0.000983384219350733	0.0295881904242404	4.68040108447984e-08	0.000115965026276279	0.00616653990206832	0.000119741567613913	0.0218929125024085	0.0461662947085034	0.000115768021895671	0.00126525229599323	0.0304530155922107	0.00254739085381401	0.00472794641612363	0.000116905827776105	0.0215782612564182	0.00177701960192926	0.000640149578171604	0.0573939678867758	4.90227796522578e-06	0.00528807015973456	0.00712421633688974	0.0152105091637002	0.000696901397954411	0.00486499127719362	0.0102837942302121	0.0026258236836824	0.000565170663745849	0.00692073882811387	0.0463639804837489	0.00257310906089762	0.00518104253991385	5.47930901027481e-06	4.29142242018747e-05	7.88450513213716e-05	0.00821351545424446	0.0203032598518745	7.71936884466735e-05	0.0178076806998759	0.00268490199314554	0.00102857933052845
CC>GG	0.000235644517953884	0.0391068226250363	0.00520300139964467	0.0142264061107929	2.15469360990287e-05	0.014773281005074	0.00011771221072369	0.00845274279566183	0.00149467242771524	0.00228983210228499	0.0161744948431349	1.43779722547248e-05	2.39959485235175e-05	0.00174441198532677	0.00145878020988766	0.00479680527624905	0.00023214222215648	0.00845274279566183	0.00140807931477456	0.00011771221072369	2.15469360990287e-05	0.000569012738651436	0.0213570374133296	0.00140807931477456	0.0119647586841818	0.000284506369325718	2.03792819609243e-05	0.0048969032854281	9.8389855863035e-05	0.0137578069086119	2.35726107903568e-05	0.00140807931477456	0.0127367634487201	0.00596119421622936	0.0136449006909158	0.00346246535951096	0.00879140716693355	0.00993479726380268	0.0122632323666882	0.0332574888423297	0.0109230969308735	0.047574876553554	0.014393334404524	0.0139059118610561	0.000381511685999525	0.00700074675253961	0.00140807931477456	0.0138278768504347	0.00458923891649016	0.0128248156841213	0.000941274177763467	0.0113330900396393	0.00334800476782031	0.00400391156490546	0.00620389415527016	0.0102630154127823	0.0103462138630471	0.00175197883746196	0.00383669427404054	0.00915672835602327	1.81302389117155e-05	0.00112143035158831	0.00970803375633305	0.00124121589802132	0.00255601048352973	0.0032728583742191	0.0179124391655848	1.21158636640718e-07	2.04139617261496e-05	0.00265782711282909	3.0566999119968e-05	0.0160462578110858	0.0256487625018682	2.03792819609243e-05	0.00458039918276666	0.0146500866723309	0.00444116967635076	0.000817059250027461	2.05795761913557e-05	0.0286412685000931	0.00313963102952474	0.000546897013621501	0.0243966917540707	1.77436904655073e-05	0.000348192239930785	0.00337822603116521	0.000881678636151979	0.00252211177255127	0.000118960350991332	0.00060586543982474	0.00911650655760312	0.0020280572863757	0.00560857055492795	0.0565976594481513	0.00456578833015818	0.000107276743319698	1.81302389117155e-05	0.00015139612863761	0.000280823880203951	0.0115517487156464	0.00626559701139229	0.000261058590764202	0.0105465582485513	0.00853869730206589	0.00372320239040825
CC>GT	0.000259255909675484	0.768737274398839	0.102310862815192	0.277080374566209	4.49045390971355e-05	0.291504790897107	0.00236755428494791	0.170279891101014	0.0301100677467274	0.0457490533660107	0.318902893797916	0.000249424955864953	5.00083633095155e-05	0.0351410530377423	0.029387021619476	0.0941500819159528	0.0022629591839081	0.170279891101014	0.0283656557614006	0.00236755428494791	4.49045390971355e-05	0.0114379461356741	0.42456314323553	0.0283656557614006	0.238558469147225	0.00571897306783703	4.24711086244472e-05	0.0986477618368852	0.00198205651666114	0.272935416066861	2.58007068787604e-05	0.0283656557614006	0.253265294740921	0.116196793100058	0.271153468522359	0.0669119315297805	0.170841162601704	0.198073890769469	0.243686204425661	0.65812262900145	0.203786882618507	0.951898748933185	0.28860568309588	0.273374213792821	0.00768552526868609	0.135086061838282	0.0283656557614006	0.268803633763141	0.0860062982278016	0.257987957367941	0.0188067641745285	0.217458394358875	0.0644511699193128	0.0806539183328598	0.113498021968765	0.202927707213688	0.197524088890589	0.034148612013656	0.0747446632350391	0.184294297501672	0.000363657800878487	0.0225023482598321	0.189582644679969	0.0224813022584738	0.0506974230540629	0.0658868884048134	0.348967257902215	2.39616444157833e-06	4.25433824208833e-05	0.0503600316296663	0.000243827466606359	0.315842699637654	0.499142220631829	4.24711086244472e-05	0.0922718096238502	0.282974171969049	0.0881878422319	0.0140120279527856	4.28885285332455e-05	0.568768126672026	0.0628785824706295	0.0108221669626839	0.467206267610892	0.00035744233454258	0.00450180243406858	0.0648370163891738	0.0118646887563115	0.0508070447029262	0.000151401977023056	0.00821945587227841	0.183291933691572	0.040838502871878	0.109489864201661	1.12495756951806	0.0910987448558657	0.00011824232215034	0.000363657800878487	0.00304620875764029	0.00565619294870946	0.230580391190131	0.116812103930474	0.00524202645278083	0.204867130457504	0.171800646636653	0.0750032676696144
CC>TA	0.000689935664793323	0.689910937815066	0.0871682797888034	0.244154552859814	0.00229954696182912	0.260725655390522	0.00202484404391867	0.144064138082584	0.0254744170288859	0.0409108093722619	0.280074636737144	0.000322917973205478	0.00256091215335019	0.0297308477499172	0.024862688794607	0.0840172409577727	0.00229629323968522	0.144064138082584	0.0239985691909404	0.00202484404391867	0.00229954696182912	0.00982096982785472	0.360567607630581	0.0239985691909404	0.204488817308899	0.00491048491392736	0.00217493177230032	0.0834602646907748	0.00167690536949173	0.235637861062147	5.48951210186393e-05	0.0239985691909404	0.221909005724649	0.101161914108935	0.240700825605421	0.057251201433754	0.165306944353884	0.167944407861204	0.210872783184833	0.568784519137899	0.186397568081924	0.818937544486157	0.252000827178394	0.234432999759265	0.00650228612660061	0.124280342587226	0.0239985691909404	0.241565906694831	0.0817349786154852	0.220401887358725	0.0159657244953918	0.190503428481828	0.0632209030951297	0.0682633708295685	0.100149754831037	0.171966880817144	0.185771505633578	0.0355445518199857	0.0663399930666289	0.156065285746805	0.000316820563775039	0.019136711822076	0.165162557740319	0.0236406891657205	0.0429840871704339	0.0558333212761084	0.310229814504779	2.28625925512651e-06	0.00217863289010168	0.0496154078730634	0.00236780410595599	0.271202770481383	0.437592941802033	0.00217493177230032	0.0780659338975884	0.251668522254859	0.0796413554324343	0.0164177068715156	0.0021963077111783	0.500174512750394	0.0532943382350785	0.00918564774386881	0.425074827587659	0.000302429218575309	0.00703146519671239	0.0601521701064452	0.0104722330784075	0.0429891034089375	0.00251336594646965	0.00724749406211673	0.157161689513448	0.0346473978354982	0.101854736249029	0.972989232077501	0.0794920225521609	0.000336936497404545	0.000316820563775039	0.00259846649836039	0.00478859375273205	0.196213214873871	0.11312021743466	0.00453365828411296	0.18510242652722	0.145901352624085	0.0634581794696666
CC>TG	0.000573250538292463	0.505348410062167	0.0491503955622867	0.163753932966849	0.0087093077845654	0.188515426770869	0.00118403289799612	0.0791372731303992	0.0139935998304934	0.0297334732581401	0.186073007563234	0.000539345852537669	0.00969920272253102	0.0163317411959579	0.013657565443296	0.059982614617884	0.00179624394729328	0.0791372731303992	0.0131828874977444	0.00118403289799612	0.0087093077845654	0.00586888253521789	0.200901795510951	0.0131828874977444	0.120462191698968	0.00293444126760895	0.00823734001949965	0.0458463698896603	0.000921157201268416	0.14394381353219	2.68017355561592e-06	0.0131828874977444	0.146423505556311	0.0639228084781549	0.168857600906844	0.0327199117774401	0.15835792330436	0.0928433420560666	0.130540485286212	0.348893809958964	0.144177782940209	0.493325907926944	0.164202411962305	0.137226718229906	0.00357183404573469	0.099868105571616	0.0131828874977444	0.177021561853623	0.0729250979583164	0.128093759051318	0.00890453724021004	0.123138155852889	0.0628873421915973	0.0375862413317517	0.0652857823049171	0.0942310858514829	0.161113146384052	0.0414313345836905	0.0460391812513852	0.0861612070355748	0.000204163161552693	0.0108152410609602	0.104835587531666	0.0276679769520614	0.0236754492204897	0.0309582805922668	0.216905086508592	2.10864127925129e-06	0.00825135763888905	0.0497229782494357	0.00841742255536136	0.160034402213233	0.286156191770058	0.00823734001949965	0.0428831575661922	0.175524977753487	0.0601846428244068	0.023530685388668	0.00831829928406898	0.335700810586982	0.0294844465145065	0.00508499662612254	0.325727180790117	0.00016618819932512	0.0138712392533514	0.0497748653725963	0.0053918354601727	0.0236284279497999	0.00866993087965797	0.00373734145437566	0.0932093489720409	0.019349438268581	0.0857260642236864	0.600819713971999	0.051487320139072	0.000349397865786991	0.000204163161552693	0.0014973290260668	0.00264090642879775	0.110916989095002	0.107058899733893	0.0028153218019894	0.138740911686316	0.0819236085295816	0.0348659991496441
CC>TT	2.36596022169566e-17	3.66516958348333	0.488029280744404	1.32056134954596	1.90120024403195e-17	1.39017896786016	0.0113076888572437	0.81342336468398	0.143835143768539	0.218333083980986	1.52101925090001	0.00117520525639372	2.11728957560448e-17	0.167868051921301	0.140381168023972	0.448870331339272	0.0101378589096996	0.81342336468398	0.135502125363813	0.0113076888572437	1.90120024403195e-17	0.054625165960243	2.0265261519522	0.135502125363813	1.13879111884796	0.0273125829801215	1.79817193772861e-17	0.471238229206415	0.00946824120189208	1.30243704078478	2.26038733606161e-18	0.135502125363813	1.20857626310779	0.553877795268254	1.29374122294758	0.318836796374879	0.813406668017623	0.945618506561804	1.16294777922327	3.14005011649242	0.968406589718444	4.54478510465782	1.37792063901349	1.30391980118608	0.0367135883338674	0.643211149245385	0.135502125363813	1.28074334888145	0.408671978631033	1.2322005954935	0.0897948560902601	1.03554116855174	0.306651450898904	0.385279497078392	0.538868904860603	0.968332856684439	0.939715619428408	0.162496113753962	0.356214460148555	0.880317587882656	0.00173631755601185	0.107464416460502	0.90378088775091	0.106486363674204	0.241961176418034	0.314723810588397	1.66306843144695	1.14218596678885e-05	1.8012319170132e-17	0.239368792190301	0.000959739323678335	1.5065746280755	2.37889933831476	1.79817193772861e-17	0.440780443095227	1.34787846086623	0.420682231128986	0.0660520092984752	1.8158449580608e-17	2.71385434074689	0.300265005132524	0.051642993449791	2.22382393324099	0.00170749265060085	0.0206689185827124	0.308597993220305	0.0550589866601547	0.242703762318902	2.82548205191646e-17	0.0381702746069114	0.875383488969481	0.195075516423839	0.521639281106791	5.36875693492957	0.434822029863544	1.0943093015683e-17	0.00173631755601185	0.0145496586534338	0.027019090284125	1.10084625147453	0.554770893294227	0.0250316876784992	0.97602101058168	0.820604319531069	0.358288784349684
CG>AT	0.0011171205814144	0.0733805599539675	0.00374651479851591	0.0209059752452638	0.00296949371448799	0.0265510138994673	9.06000976561734e-05	0.00445912808350857	0.000788493860417899	0.00409229822329088	0.0224066701994155	0.00015573720216538	0.00330700467046796	0.000920240525592677	0.000769559415071172	0.00838443601858158	0.000822771574385614	0.00445912808350857	0.000742812855910061	9.06000976561734e-05	0.00296949371448799	0.000488493161447416	0.0135225794445845	0.000742812855910061	0.00996095740757381	0.000244246580723708	0.00280857331226183	0.00258329390709542	5.19042138176013e-05	0.0137263244648545	9.36446182082669e-05	0.000742812855910061	0.0168779450294005	0.00716939575743453	0.0221221406725982	0.00289839497468589	0.0320324445798302	0.0058899774452791	0.0128398032492701	0.0340578351543401	0.0252407221420599	0.0432291393447252	0.0178320204102052	0.0119839815714842	0.000201261237251924	0.017123981109649	0.000742812855910061	0.0264252979115655	0.0145732159385208	0.0095554507657547	0.000580178958857271	0.0153447688244077	0.0132642185714944	0.00214709874909156	0.0095909414108253	0.00610491847536705	0.0305205150390872	0.00962685193709007	0.00625464348476607	0.00503152179327611	2.15330860493886e-05	0.000726911879831957	0.0117993464280848	0.00684639351802716	0.00153512110656795	0.00184698420479565	0.0298504763629039	4.0268986380281e-07	0.00281335270847776	0.0107385882004565	0.00284339896267603	0.0142544519549775	0.0348164506961655	0.00280857331226183	0.00241632652540155	0.02462442891648	0.00895837870786124	0.00654168005885567	0.00283617688687591	0.0403481674882211	0.00181246262166882	0.000343521249975661	0.0534845176819181	9.38342699872459e-06	0.00456667453110068	0.00890835708607815	0.00153146723481168	0.00133593419121955	0.00333976751512128	0.0010403807347081	0.00754145122469638	0.00119578437138425	0.0151839154210746	0.0586102095336027	0.00561169763624156	0.000537855901549749	2.15330860493886e-05	0.000107652112633724	0.000152380874952681	0.0077405201792799	0.0225943907505874	0.000266788727874187	0.021443273949921	0.00523458150883891	0.00196697230191918
CG>GC	2.76415176010236e-05	0.00494474268851989	0.000287074902151521	0.00141596036863289	0.000179618156388542	0.00180682759161056	7.38453146800852e-06	0.000406711682341989	7.19175718842695e-05	0.000284303660508874	0.00156469299467377	9.42815914813243e-06	0.000200033453238062	8.39340259606504e-05	7.01905840119856e-05	0.0005670694190596	3.02008642048425e-05	0.000406711682341989	6.77510626819063e-05	7.38453146800852e-06	0.000179618156388542	3.87473155933444e-05	0.00110997097611435	6.77510626819063e-05	0.000776057359330398	1.93736577966722e-05	0.000169884434497789	0.000235619114603207	4.73412060094603e-06	0.0010187934843412	1.64685363055918e-06	6.77510626819063e-05	0.0012063062401332	0.000496133131407069	0.00153988126189074	0.000204285894021962	0.00205020687676015	0.00049741031844138	0.000949431206403744	0.00250023832307178	0.00156433401847899	0.00334257346504647	0.00131067569775353	0.000888136803267417	1.83567941669336e-05	0.00110583977226666	6.77510626819063e-05	0.00174773757528301	0.000905926074853272	0.000785503422539014	4.88952220144167e-05	0.00101446371715448	0.000840389561065151	0.000194758297469477	0.000573306050397283	0.000498175385412705	0.00193470444002504	0.000609673148846022	0.000420094675678374	0.000451309055814897	1.59490273986381e-06	6.14168955178574e-05	0.000819125115086939	0.000416400676258154	0.000126560605095594	0.000164459136067751	0.00200141357322472	2.62813838791764e-08	0.000170173529683533	0.000671963792924875	0.000172152591561456	0.00105503351053994	0.00237142776024527	0.000169884434497789	0.000220390221547613	0.00162549050283952	0.000608972593568894	0.000391752423617102	0.000171554114132982	0.00285281898940324	0.000157005726960386	2.77550235983343e-05	0.00343628378215256	8.55142125029916e-07	0.000261967727538675	0.000569926889614628	4.91541589699151e-05	0.000121681522217336	0.000185391660248066	3.37016326410792e-05	0.000603589361627948	0.000105183083593369	0.000989006275321354	0.004344740154174	0.000408476449558413	1.43926597055318e-05	1.59490273986381e-06	8.96195128968811e-06	1.37635672663229e-05	0.000636077365345149	0.00139715225177648	2.03530567011961e-05	0.00141099272103485	0.000453774968232391	0.000179317332041682
CG>GT	0.000736391830095125	0.213345040493697	0.00396543330418931	0.0521555499886279	0.0117331215060257	0.0766707831637899	0.000153242922170389	0.0028910830431539	0.000511221294117098	0.01221641167819	0.0566844022286094	0.000576578368791468	0.0130667013808734	0.000596639461647998	0.000498945115265923	0.0235572441563775	0.00110805820834017	0.0028910830431539	0.000481603939546082	0.000153242922170389	0.0117331215060257	0.000941095929527349	0.0122006761394576	0.000481603939546082	0.0170586954923276	0.000470547964763674	0.0110972896728394	0.00167488286284208	3.36521825850381e-05	0.0278146751230958	2.26038733606161e-18	0.000481603939546082	0.0431351781125498	0.0154620271853269	0.062500412828571	0.00340195979069607	0.109596859275308	0.00448291794349834	0.0275514747691752	0.0695502493212253	0.0706380328040497	0.0850519612920627	0.0455094817110794	0.0185534453746767	0.000130488054921577	0.0524894077421064	0.000481603939546082	0.0751110898842609	0.0460932764029372	0.0154453574213944	0.000544926816794387	0.0337666700228611	0.045607133281115	0.00150775597055537	0.0191520341369131	0.00344166497255314	0.0971619011807697	0.0350956371134771	0.016585293244199	0.00382263071944597	5.36440402017071e-05	0.000866516598218357	0.025947855546325	0.0236816386684341	0.00103586000049825	0.0015751478932787	0.0800743759511181	1.38431090956675e-06	0.0111161741164243	0.0364477223865004	0.0112175163425547	0.0234345571348711	0.0820454309911348	0.0110972896728394	0.0015666292856999	0.0645121667877159	0.0274344923558338	0.0232643491093141	0.0112063574554609	0.106161693815628	0.00143066179670316	0.000263769304472799	0.155094999546897	6.15997642024072e-06	0.0160357387515201	0.0276873087111023	0.000195691579093351	0.000884154810419886	0.0116651328709291	0.000135665433843862	0.0139481632366773	0.00119275307469224	0.0489582133523624	0.124739524253339	0.0139141086217922	0.000454402287993508	5.36440402017071e-05	0.000161919802686374	0.00011252042990843	0.0090385760596407	0.0734319011760855	0.000600915015775957	0.0624100515919088	0.00572820476812827	0.00128473291915939
CG>TA	2.36596022169566e-17	4.68592771570597e-16	2.66907587166e-17	1.46203337899385e-16	1.90120024403195e-17	1.65869716574041e-16	4.34545302204828e-19	1.80815193715897e-17	3.19729928015609e-18	2.33910067469035e-17	1.43227645828478e-16	1.06050336421658e-18	2.11728957560448e-17	3.73152476861205e-18	3.12052114462925e-18	5.43869631078328e-17	1.39319821576429e-17	1.80815193715897e-17	3.01206531682211e-18	4.34545302204828e-19	1.90120024403195e-17	2.42458776806395e-18	8.08658627544579e-17	3.01206531682211e-18	5.66612657734585e-17	1.21229388403197e-18	1.79817193772861e-17	1.04751148540462e-17	2.10468735150492e-19	8.38643917877257e-17	2.26038733606161e-18	3.01206531682211e-18	1.00006246751518e-16	5.15092943782597e-17	1.31649823895813e-16	2.46758914338213e-17	2.04685056795049e-16	3.30292855547776e-17	7.67785239093846e-17	2.14297336836402e-16	2.01026302876707e-16	2.33850753361637e-16	9.64362489284009e-17	8.32383207680397e-17	8.16103258746811e-19	1.17180998074833e-16	3.01206531682211e-18	1.8013831754433e-16	1.06400069245281e-16	4.53212574142612e-17	3.10506893206894e-18	1.21339664420681e-16	8.65898990692327e-17	8.7885870173455e-18	9.48103228130312e-17	4.07529696974374e-17	2.12115188428978e-16	5.95442037959975e-17	4.29951830730287e-17	2.14191424374203e-17	1.15519960543463e-19	3.53999425701752e-18	8.32600386922525e-17	4.8935459165167e-17	9.6268541876817e-18	7.88405729046577e-18	2.04544698320465e-16	2.43121175965258e-21	1.8012319170132e-17	7.30734385085512e-17	1.81923377945847e-17	9.70554400335684e-17	2.48177438071492e-16	1.79817193772861e-17	9.79807129530956e-18	1.77923423348083e-16	5.34909157687042e-17	4.72598468588495e-17	1.8158449580608e-17	2.4192042958682e-16	9.06047135226708e-18	2.24626395227432e-18	3.85493563645013e-16	3.81034510235891e-20	3.6306091182591e-17	6.17003102364647e-17	3.09048151942464e-17	5.42993290621374e-18	2.82548205191646e-17	2.09103401608151e-17	3.70185533697843e-17	5.14555023172003e-18	9.76467611926689e-17	3.49407197963186e-16	3.20655975950698e-17	1.0943093015683e-17	1.15519960543463e-19	5.01999552579126e-19	6.29521961205666e-19	4.26358397376077e-17	1.63548401302306e-16	1.3859709744044e-18	1.45579155556324e-16	2.33886066360982e-17	7.98267629721728e-18
CG>TC	3.38649329274377e-06	0.00848338874784358	0.00101718713775403	0.00294291873439905	5.39578735925257e-05	0.00319815940131877	2.3850527063505e-05	0.0016782982072546	0.000296768293618824	0.000503088148514909	0.00337406474594924	5.05708571504541e-06	6.00906946219178e-05	0.000346354263753287	0.000289641867760303	0.00102713051335114	2.58469643145424e-05	0.0016782982072546	0.000279575168295819	2.3850527063505e-05	5.39578735925257e-05	0.00011614056876435	0.00420422064514148	0.000279575168295819	0.00240944959335586	5.80702843821751e-05	5.10338321374406e-05	0.000972283695802393	1.95353771786026e-05	0.00279388196783952	2.26038733606161e-18	0.000279575168295819	0.00267221299045314	0.00120484312760519	0.0029355940002681	0.000668274405039765	0.00216897886585633	0.00195620997635338	0.00250714988541387	0.00674723899369459	0.00230708694150289	0.00969389101934318	0.00302976421396677	0.0027543268187448	7.57494217129493e-05	0.0015579805224861	0.000279575168295819	0.00296698209354731	0.00104848610958231	0.00259323083524884	0.000186307800111802	0.00227494249956064	0.000837423816776691	0.00079556550176009	0.00119109078613612	0.00199791568321942	0.00237033621383654	0.000494011198373559	0.000805410102294163	0.00181950849728504	3.80077865779108e-06	0.000223954680602313	0.0019692844326589	0.00032687409123292	0.000500035945438116	0.000651454422114937	0.00377239135295506	2.97456171144538e-08	5.11206772638033e-05	0.000657580422044116	5.35512244919791e-05	0.00319158969365868	0.00524669578435647	5.10338321374406e-05	0.000909441576868164	0.00305565953035576	0.000987262620450136	0.000242189670890519	5.15354092859159e-05	0.0060432228951006	0.000621194119856107	0.000106921469718689	0.00526520852744264	3.52340865714367e-06	0.000116051975896159	0.000758999140049494	0.000113600620066915	0.00050085829387705	5.36452098076773e-05	7.87549340534366e-05	0.00185597379965696	0.00040478682724527	0.00129289495803535	0.0115629993450926	0.000954028414287124	2.08968953430129e-06	3.80077865779108e-06	3.05264439209759e-05	5.58230471830681e-05	0.0022948972926716	0.0014732610697133	5.40010290243737e-05	0.00228483440492695	0.0017060442185113	0.000739292365186441
CG>TT	0.00141090542508344	0.079569047022904	0.00242238013838646	0.0211003658543326	0.00401968051595326	0.028467389053293	6.25385544300771e-05	0.00171259919251236	0.000302833631006654	0.00437908243485523	0.022127702050732	0.000204086619490755	0.00447655510270662	0.000353433037027077	0.000295561555568543	0.00892403233797695	0.00100589941090454	0.00171259919251236	0.000285289113341281	6.25385544300771e-05	0.00401968051595326	0.000370907259068508	0.00740850850617082	0.000285289113341281	0.00738451237307396	0.000185453629534254	0.00380184923976907	0.000992155187395435	1.9934640361815e-05	0.0115797985788327	0.000116571404045463	0.000285289113341281	0.0163770883273482	0.00668277347925943	0.0230283971830675	0.00216601761881034	0.0389757696461736	0.00290088310821969	0.0111408371217247	0.0291876563499588	0.0287016168284202	0.0342653752138794	0.0168144925011149	0.00914865238445111	7.72975850764256e-05	0.0196641079032056	0.000285289113341281	0.0287950345553552	0.0174423371070285	0.00638537985051758	0.0003047324915445	0.0150439341068693	0.016290855776877	0.000858586883458879	0.00987110727567802	0.00303036340869737	0.0361428033374879	0.0121677650210556	0.00652705467354929	0.00212859090248252	1.99195072032781e-05	0.000411141477520316	0.0110497631673529	0.00866196326207852	0.000774079378699623	0.000826685762993355	0.0313540181950759	4.84394685689037e-07	0.00380831891025649	0.013218666833379	0.00384389003720696	0.0111333472223292	0.0341422695886997	0.00380184923976907	0.000928028703986638	0.0259379720479905	0.00988105434995732	0.00846590711949895	0.00383921505418568	0.0400792322531406	0.00084937393038957	0.000186149907706095	0.0601397702679049	3.62622870370826e-06	0.00602685252808345	0.0103656065424038	0.00164660950142371	0.000518370812509292	0.00447873490324192	0.00111498311549199	0.00555567950748048	0.000581811206166978	0.0177373531372481	0.050536611075357	0.00527450815357325	0.000682053754684888	1.99195072032781e-05	6.83893236963276e-05	6.26489009554698e-05	0.00458231017279292	0.0274766322154893	0.000228091497545009	0.0237111449650228	0.00272146237633946	0.000758219203546773
CT>AA	0.0529565729667157	14.4541758559513	0.166897807579664	3.43066293886217	0.843770774970369	5.17676975342153	0.00827990287571669	0.0107803096524383	0.00190624889331799	0.825614309193784	3.70776925888247	0.0411790114989356	0.939673278315895	0.00222475731461965	0.00186047331116107	1.58530498429449	0.0772275892015702	0.0107803096524383	0.00179581130000234	0.00827990287571669	0.843770774970369	0.0544395265890763	0.386278967767714	0.00179581130000234	0.950773301054897	0.0272197632945382	0.798045831410984	0.00624532592924165	0.000125482714723871	1.68461578841501	2.26038733606161e-18	0.00179581130000234	2.80911455405178	0.97770107817049	4.18109874479778	0.167379099865104	7.68437875786037	0.0932182300244495	1.69949241722936	4.24063686405343	4.84514684865006	5.01499215146343	2.93881972648154	1.01824826244896	0.000486565628521134	3.61882322816125	0.00179581130000234	5.09112763082615	3.21569355509831	0.812115209591847	0.017426443342735	2.17732551716653	3.20545726913934	0.0150581682674196	1.24669999544508	0.0128333270162998	6.75952625428059	2.48447304740471	1.10638157618334	0.0615598615330403	0.00343694980670075	0.0362710137133626	1.64697781561343	1.67722515023737	0.0158546955276506	0.0370032710406825	5.35540132296907	9.67827408288537e-05	0.799403879360145	2.56307675024802	0.806459175134616	1.32015441523488	5.32367001770134	0.798045831410984	0.00584166852294879	4.31265136968066	1.87096298521702	1.65701536489303	0.805889286148886	6.976782669417	0.0301167553062271	0.00645325395315747	10.6145075363833	2.91863024644033e-05	1.14817840853299	1.91630679513553	0.000729697413568345	0.00476507133952481	0.838881468804472	0.000505871109248243	0.790918903296414	0.0384998707073304	3.39434454273511	7.66938272099149	0.895237097012502	0.0326776954020015	0.00343694980670075	0.00811821828071117	0.001543847467992	0.383213488630614	5.14630582685348	0.0371476847106789	4.25159795647518	0.213067633135034	0.00556080454696628
CT>AC	0.0237509093348575	6.48682449683702	0.0754069122699493	1.54014296575969	0.378429381907311	2.32334709692378	0.00372634572712314	0.00575766538255227	0.00101811020438575	0.370533915550035	1.66465194822554	0.0184700314029335	0.421441448858416	0.00118822265667186	0.00099366188209739	0.711515066661771	0.0346479080727882	0.00575766538255227	0.000959126489773977	0.00372634572712314	0.378429381907311	0.0244779757716845	0.175544110056969	0.000959126489773977	0.42771159092349	0.0122389878858422	0.357921842843124	0.0033355718031177	6.70191771820674e-05	0.757024006070624	2.26038733606161e-18	0.000959126489773977	1.26125281691608	0.439125135510908	1.87668139051047	0.0754308446610711	3.44735008351422	0.0428808534104536	0.763537910323469	1.90547849887781	2.17413649161426	2.25436866688823	1.31961740688019	0.458161282640756	0.000259870278869242	1.62376408883826	0.000959126489773977	2.28481264869883	1.44269524234327	0.365629694966572	0.00791758265622277	0.977700504551892	1.43798856146048	0.0071906040350908	0.559753547085851	0.0068541632927965	3.03269900087408	1.11446516030613	0.496613840206097	0.0286080679503077	0.00154343423211148	0.0163893757732537	0.739691234135588	0.752352675173844	0.00738526940207601	0.0169528995794065	2.40377252900807	4.34198081403137e-05	0.358530924434057	1.14980595409043	0.361696298144243	0.593795429000626	2.39035312078012	0.357921842843124	0.00311998205202947	1.9357438718993	0.839600091458982	0.743242762467226	0.361439615461625	3.13215055911828	0.0138479104761702	0.00295285259483511	4.7631064819461	1.50269152721215e-05	0.514978998439026	0.859809548378111	0.000389724754974016	0.00241243911521999	0.37623653858398	0.00027018116062123	0.355718435960014	0.0174883963866579	1.5229479731704	3.4457918266601	0.402005164135584	0.0146558762639878	0.00154343423211148	0.00365750811285269	0.00072306180809435	0.173119189631282	2.30873643289132	0.0166890519668297	1.90793972472243	0.096491241701041	0.00290043944592705
CT>AG	0.00419924908075796	0.834103629212353	0.0105552066913193	0.199605172075276	0.0483448062053838	0.298601914055406	0.000482713414190637	0.00121523490627486	0.000214886238883119	0.0474649047740985	0.214923489750982	0.00236580400064131	0.0538396492082283	0.000250790824557125	0.000209726082349066	0.0916191261546348	0.00505299675470512	0.00121523490627486	0.000202436910182082	0.000482713414190637	0.0483448062053838	0.00315930385075874	0.025058510040246	0.000202436910182082	0.0558445011212687	0.00157965192537937	0.0457249435593847	0.000704018559296332	1.41453242052364e-05	0.0983781696018523	0.000117217228998624	0.000202436910182082	0.162368539230929	0.0573242220358694	0.240981489131938	0.0105458543454866	0.441593264518881	0.00656420928227177	0.0989018676267708	0.24786574169842	0.281981620140531	0.29177692908025	0.16939527982038	0.0609434415075444	5.48492163060187e-05	0.208933867409613	0.000202436910182082	0.294579009280053	0.185842493505796	0.0474362754976174	0.00110297330392614	0.128083641089337	0.184281730464653	0.00114581256340591	0.0746740182233607	0.00244377407546408	0.390017888699341	0.142470083378918	0.0641848245024483	0.00421152057888791	0.000198199498259115	0.00217611535467077	0.0963948015441033	0.0966335408536683	0.00129169175230604	0.00235904063169673	0.310523795265309	5.5536680456959e-06	0.0458027544611929	0.147552564565195	0.046207700709679	0.0785236590260375	0.31071725702875	0.0457249435593847	0.000658515360768773	0.250743053382103	0.107617330147206	0.0954285993705005	0.0461743432192602	0.403043311099234	0.00203934323882744	0.000457898878363761	0.614862962240419	2.92663687536937e-06	0.0663190016382887	0.110633215422526	0.00162142417724204	0.000451317526708987	0.0485496869192484	0.00109737602099851	0.0459596806466405	0.00234920210967945	0.195370355749933	0.446422405224519	0.0517353487291398	0.00240160084701295	0.000198199498259115	0.000475831158096662	0.000108419553570133	0.023276642799979	0.297108013835862	0.0021468078613432	0.245788700125168	0.0128414727895851	0.000581822133384454
CT>GA	0.00398959695847856	0.631776235047082	0.0237699694159957	0.167902833103093	0.0291517370751565	0.228591635766193	0.000675975638989544	0.0284208163564283	0.00502556526420199	0.0360529772002238	0.183079799380137	0.0014735071274669	0.0324651068259354	0.00586526928399729	0.00490488418397011	0.0710973985153111	0.0041685225503396	0.0284208163564283	0.00473441160909709	0.000675975638989544	0.0291517370751565	0.00376442879596927	0.0858891771036938	0.00473441160909709	0.0731030925506384	0.00188221439798463	0.0275719697118387	0.0164649501770917	0.000330818066090206	0.104780315282895	0.000217320096738495	0.00473441160909709	0.139708340201135	0.0545441175167031	0.189936755201273	0.0181144981920523	0.294855373890052	0.0368071391602375	0.100065063778262	0.25958210928204	0.207578509715037	0.332014110795045	0.149047618220777	0.083189114020484	0.00128276392973754	0.149277593512639	0.00473441160909709	0.223647300071412	0.127593678462943	0.070546645813675	0.00376981944252083	0.11569840139286	0.122054835081921	0.0138054098638563	0.066932317412363	0.0356819496417747	0.269709240273554	0.0914401151869134	0.0514935721081389	0.0325516973636516	0.000178615889859136	0.00499390337596219	0.0905975098780628	0.0624657854185853	0.00927209095529639	0.0121449651843286	0.24692896277952	3.73762853793018e-06	0.0276188893942024	0.0977749145195824	0.0278957389335277	0.100854805339399	0.273270287777512	0.0275719697118387	0.0154007624695923	0.200398314459461	0.0793491808735669	0.0603412339017424	0.0278429560235989	0.337045190033794	0.0115669814356068	0.00209679933570039	0.452785370078175	5.98859178127885e-05	0.0413412108325504	0.0779782744982323	0.00477735556503518	0.00853351118460377	0.0298820373809125	0.00326246438577967	0.0575106038543541	0.00805671551593972	0.136194513369347	0.455756090875506	0.0461500659175344	0.00211030358143464	0.000178615889859136	0.000782178740834908	0.000985219279266198	0.0521469261339688	0.200336914396386	0.00214656814258281	0.18327324571059	0.0357142070080534	0.0125465916519841
CT>GC	0.000782882073195549	0.218026864911024	0.0107773321140983	0.0602383298872095	0.00878173446052852	0.0794642394351646	0.00029271758949494	0.0149699299946359	0.00264708653140294	0.0125807693607954	0.0666434411387039	0.000451148129820709	0.00977986137303024	0.00308937890734684	0.00258352089345321	0.0247893409749509	0.0011123957811919	0.0149699299946359	0.00249372887341234	0.00029271758949494	0.00878173446052852	0.00156435748166982	0.0413220753937601	0.00249372887341234	0.0308020506353259	0.000782178740834908	0.00830584180760359	0.00867248668810601	0.000174249860673375	0.041501803194333	2.33142808090926e-05	0.00249372887341234	0.0514172316726716	0.0204713751651864	0.0672403253852296	0.00770930214843822	0.0949756452485834	0.0183476702342156	0.0390637775169323	0.102005057317222	0.0688439280488519	0.135426747467038	0.0557550869730957	0.0347415898808904	0.000675662725060029	0.0496345276386552	0.00249372887341234	0.0767658114461296	0.0411903899265918	0.0309592547268589	0.00182919923457312	0.042087149758756	0.0390415068455362	0.00719411357184942	0.0233843922556044	0.0180191474437197	0.0879201583116692	0.0288258151837651	0.0181271788272348	0.0167277908414821	6.74858516898143e-05	0.00234418452445583	0.0339210393802907	0.0194919992939387	0.00462547586610857	0.00613529420158537	0.0866035634625649	1.21591622469685e-06	0.00831997599763241	0.031151921114986	0.00841093587020611	0.0416118846737595	0.0996439489601273	0.00830584180760359	0.00811195333527661	0.0700328027278656	0.0271782621736746	0.0185396605329886	0.00838747433009034	0.122442781614284	0.00581652614802572	0.00102044557110511	0.152098761017536	3.14922786559164e-05	0.012430412944925	0.0257023821012172	0.00131942178630419	0.00448274299267758	0.00882731726294989	0.000909394735924248	0.0242211420396383	0.00396388318414473	0.0449558091157572	0.178491935923254	0.0172840250261043	0.000445376257248605	6.74858516898143e-05	0.000350251605935628	0.000509612699195248	0.0241977787203307	0.0640599846973933	0.000843843714550646	0.0623698395290026	0.0172125481695457	0.00660226387708118
CT>GG	0.0030367556337934	0.0702719132987541	0.0077230356511095	0.0254486741512911	0.00103208013247449	0.0256213201736992	0.000146862873122954	0.00984928290972772	0.00174161830707689	0.00365000391295096	0.026410455525155	7.87183877574943e-05	0.00114938576961386	0.0020326191829025	0.00169979607065171	0.00853406590653963	0.00180045255812046	0.00984928290972772	0.00164071850591123	0.000146862873122954	0.00103208013247449	0.000727128807022927	0.0286446311598004	0.00164071850591123	0.016291290907322	0.000363564403511463	0.000976150480481247	0.00570595687171624	0.000114645571179537	0.0201042353518694	0.000299016953313293	0.00164071850591123	0.0194005642763824	0.0101864020259458	0.0219580451523997	0.00590057675072654	0.0210476800768588	0.0128967997503739	0.0178586625728607	0.0497562084196559	0.0269782885252494	0.0638930496733219	0.020256817257572	0.0212061914618009	0.000444544051512491	0.0150531067173741	0.00164071850591123	0.0266535291228984	0.0121797619840471	0.0158934041491258	0.00120544781569439	0.0217426537781615	0.00863946305888308	0.00467730437361774	0.0153037919343453	0.0142685813358365	0.0248169440823983	0.00500388695805849	0.00701719441880607	0.0108163925324246	2.51999334312639e-05	0.00139226641055107	0.0164263254980338	0.00450445397176323	0.00346953390177822	0.00387059079248634	0.0329316910515055	2.56497996299279e-07	0.000977811612092881	0.00736201352258518	0.000998046862209034	0.0243660281958329	0.0453387623141426	0.000976150480481247	0.00533716078687595	0.0283457600693933	0.00765440335819572	0.00394667477343742	0.000985744405804432	0.0446843106250074	0.00390542352594275	0.00076046588380433	0.0527796978016692	2.06830818329169e-05	0.00297481263011814	0.00763051279015661	0.00459303895079915	0.00294065653014402	0.00226336593209436	0.00311607923731821	0.0115527653254162	0.00240598875694562	0.011746143680936	0.0820876519098962	0.00666494968257915	0.00139018347578657	2.51999334312639e-05	0.00018586772604704	0.000328900163234303	0.0150846625924621	0.0176894163451171	0.000348126903820243	0.0207565769291011	0.0102618138888227	0.00433930971016644
CT>TA	0.000379559986499659	0.563604578643628	0.062447516364862	0.190329119956432	0.00604762744292067	0.211581662142009	0.0014785440839567	0.102167934660608	0.0180660406480364	0.0333199152406531	0.217474200864946	0.000442642684716025	0.00673499731668474	0.0210846318226453	0.0176322129716856	0.0676990436762894	0.00182589614926035	0.102167934660608	0.0170193934568403	0.0014785440839567	0.00604762744292067	0.00724605254135281	0.257112678288786	0.0170193934568403	0.149741290937151	0.00362302627067641	0.00571989930667959	0.059188657102131	0.00118923390999668	0.1755397978479	2.26038733606161e-18	0.0170193934568403	0.171819285962934	0.0765233302956085	0.192341655124883	0.0412160537334842	0.157165450300397	0.119350269950278	0.158139486959487	0.424493853760558	0.156269231003512	0.60634861837316	0.194002908229665	0.170949784686865	0.00461131516121165	0.1066652603842	0.0170193934568403	0.197232850116019	0.074339469783426	0.160471057871462	0.0113948227145014	0.145573824279911	0.0614617691648902	0.0484633633930531	0.0765676211706624	0.12162494013175	0.166389389782048	0.0382016353715817	0.0526374173108135	0.110927612487968	0.000242554669261496	0.0137475498873127	0.125235726790451	0.0253861421039384	0.0304815597091278	0.0397653901325497	0.24711163541877	2.1272070132825e-06	0.00572963295507057	0.0484131096918491	0.0059006553614442	0.198548345926109	0.336726295481623	0.00571989930667959	0.0553630857743101	0.200079168107162	0.0662086479440732	0.020166479346035	0.00577611634278386	0.390614123554302	0.0379013444713065	0.00652783181735656	0.355184634908392	0.000214512187031964	0.0108235358789852	0.0524662408005658	0.00691554139677246	0.0304952761773443	0.00601258391804065	0.0047942784671934	0.115535941310863	0.024759368097445	0.0897981643569752	0.72878822826074	0.0609898974630197	0.000234213524984313	0.000242554669261496	0.00188427649431719	0.00340216166327541	0.140911010552926	0.106513403258348	0.00340791419053458	0.15297070569206	0.104519068294267	0.045007757434531
CT>TC	2.69328493414637e-05	0.0403350594760502	0.00447679551805967	0.0136288856202653	0.000429128055081497	0.0151434357756917	0.000105972125060011	0.00732571042290692	0.00129538277068654	0.00238473536505697	0.015573794925669	3.15189793208317e-05	0.000477902504207869	0.00151182372061654	0.00126427618190263	0.00484577177511096	0.000130510162125162	0.00732571042290692	0.00122033540613795	0.000105972125060011	0.000429128055081497	0.000519274428138195	0.0184337392147323	0.00122033540613795	0.0107318522970234	0.000259637214069097	0.000405873094515887	0.00424398284737102	8.52712084146303e-05	0.0125777687170781	2.26038733606161e-18	0.00122033540613795	0.0123049906709398	0.00548174631010478	0.0137691831006655	0.0029544291066207	0.01122822718681	0.00855729860751218	0.0113300312717569	0.0304149209890845	0.0111791284319622	0.0434503543245678	0.0138949347101658	0.0122522088428723	0.000330643461199588	0.00762891416947472	0.00122033540613795	0.0141150373925112	0.00531320442664955	0.0115019514458831	0.000816952201360281	0.0104264811420707	0.00438988673294536	0.00347489788711674	0.00548348550756303	0.00872082904062191	0.011894552391012	0.00272591112164871	0.00376836265709677	0.0079535361760215	1.73735911250361e-05	0.00098554963144819	0.00897100678598193	0.00181131036831697	0.00218554074214303	0.00285110815989788	0.0176900946158571	1.52010680579215e-07	0.000406563775554409	0.00345768673503318	0.000418788950497566	0.0142295016952073	0.0241159220971244	0.000405873094515887	0.0039696792917311	0.0143232849900222	0.00473738006114235	0.00143715176955818	0.00040986214767658	0.027971023368518	0.00271748689615876	0.000468031975630932	0.0254111881853845	1.53810546788565e-05	0.000769950277720862	0.00375176331347727	0.000495862560583952	0.00218658348143228	0.000426641433705288	0.000343762412875516	0.00828007293296844	0.00177512034704613	0.0064206882238971	0.0522154904467754	0.00436838984964747	1.66193429405131e-05	1.73735911250361e-05	0.000135065301278059	0.000243937637955077	0.0101017240013567	0.00760986794208073	0.000244159968779564	0.0109457834801524	0.00749321390736729	0.00322717059818528
CT>TG	0.000198174033234968	0.0436320718879085	0.00253024569843589	0.0124640965431621	0.00158252286979421	0.01595429927676	6.56559598507897e-05	0.00362610415582015	0.000641192809570598	0.00251633481903402	0.0138125357213421	8.2912654618069e-05	0.00176239151340792	0.000748327460372066	0.000625795568299633	0.00500194814116763	0.000242450050966489	0.00362610415582015	0.000604045619091697	6.56559598507897e-05	0.00158252286979421	0.000344255303224978	0.00982998696069988	0.000604045619091697	0.00687660499994657	0.000172127651612489	0.00149676407007125	0.00210070053983583	4.22078222253021e-05	0.00900954028483646	9.94570427867112e-06	0.000604045619091697	0.0106710927352547	0.0043653048753735	0.013616826399107	0.00178853516674598	0.0180784280784162	0.00441157841320098	0.00839989662881129	0.0220927230505202	0.0136908869154411	0.0296459261359935	0.0116201511007493	0.00782948369422946	0.000163662984138927	0.0097333285946451	0.000604045619091697	0.0153903813568476	0.00795270025508322	0.00698546591231952	0.000434012280996419	0.00889228949290292	0.00740494168808727	0.00173617645225245	0.00496859191593191	0.00440126765513473	0.0170159538662858	0.00538006101594001	0.00369926676081846	0.00402107979404197	1.41431767461321e-05	0.000546025072085743	0.007211256192086	0.00365650628670938	0.00111978252655797	0.00146521625882442	0.0176251695108178	2.32152377404709e-07	0.00149931113854242	0.00591257781055401	0.00151679810340292	0.00930539246446199	0.0208649737332778	0.00149676407007125	0.00196492486681005	0.01428888477347	0.00538320975903648	0.00343789020367817	0.0015114747555668	0.0252265498726498	0.00139545896703822	0.000245295974901409	0.0301952995776547	7.62401189657386e-06	0.00228899539610533	0.00501382837939736	0.000376039695415529	0.00108483673165736	0.00161450593104901	0.000258428813759373	0.00536395021885183	0.000936972763875062	0.00872142101287579	0.0384427588393312	0.00361698089228832	0.000106198099083977	1.41431767461321e-05	7.97242849608304e-05	0.000122680164863559	0.00564213558173561	0.0122672378552706	0.000180636678971891	0.0124255620673896	0.0040399375773429	0.00159871465028556
GC>AA	1.05272524369388	2.94514218327894	0.574464237933516	1.87655211737044	0.00024081869757738	0.883702690044353	3.63796805634756e-05	0.00245007037555415	0.000433238384844998	0.000892440625492233	1.23924587957628	0.00502326248667896	0.000268190012909901	0.000505626662413558	0.000422834843445697	0.415209877986249	0.560911419475599	0.00245007037555415	0.000408138931818713	3.63796805634756e-05	0.00024081869757738	0.000179864473514792	1.30507875798888	0.000408138931818713	0.484649896115742	8.99322367573961e-05	0.000227768445445624	0.00141939225664583	2.85187988008797e-05	0.817064822983266	0.105915292318316	0.000408138931818713	0.482676062225329	0.814112844351745	0.430004037307234	0.652897008394848	0.646626758309991	0.480400889839669	0.612257182815089	2.34809109896192	3.31321140687174	1.00770242566369	0.00498391322240586	1.48956635657996	0.000110583097391167	1.01204473181131	0.000408138931818713	1.7548104082063	1.17269283066646	0.00393857071789019	0.0350986364595973	2.3264465879546	0.359777818338979	0.00116332080610978	2.57452250376147	0.903884884666229	1.84155727978065	0.00119791928334441	0.481864989980047	0.0367046304157768	6.20423654100795e-06	0.0174834618180973	1.23692998882086	0.413546165565139	0.186442864624688	0.00790653786759372	2.22775683981933	6.19825303596182e-08	0.000228156042821672	0.473409898809663	0.000233056829610024	1.61069591016213	3.57232701798583	0.000227768445445624	0.00132765193703382	2.40392969190781	0.100590229365571	0.397791704689492	0.000230007028021034	1.1910777628002	0.0851129588988912	0.0455295251721066	4.58093150132142	5.14492153713016e-06	0.468110517651907	0.552237796021466	1.39092865009907	0.000731477386944564	0.438493570447004	0.940156239479301	0.0028591204724649	0.00059782714173594	0.458225823209547	2.7763878953045	0.112060691251521	0.478270484742808	6.20423654100795e-06	4.60862410068983e-05	0.000184762101478498	0.465400415457338	1.66303213598764	8.59042031686999e-05	1.33381085004197	0.0302515276352592	0.00107941495033305
GC>AG	0.0365694320540129	0.219491668593894	0.0254907266480496	0.0970480545336364	0.0048163739515476	0.0734704633903582	0.000158462644990772	0.00806073153557317	0.00142535428614004	0.0068598190359824	0.0786216439593174	0.000419143938426021	0.00536380025819803	0.0016635117193406	0.00139112663493634	0.0277057300807347	0.0198627950135181	0.00806073153557317	0.00134277708568357	0.000158462644990772	0.0048163739515476	0.000847932472718556	0.0668815051838317	0.00134277708568357	0.0331954282858905	0.000423966236359278	0.00455536890891249	0.00466980052436477	9.38268480548943e-05	0.0504215306686183	0.00364891098535662	0.00134277708568357	0.0443958877616533	0.0390078604825561	0.0512279646356447	0.0265492717264261	0.0739798753513269	0.0262827829214521	0.0420931501973858	0.13561290195054	0.151176314638001	0.107515966139492	0.0303256925266851	0.0698072797608564	0.000363818390416938	0.0617460642652968	0.00134277708568357	0.101928323364649	0.0627012763602765	0.016753125349682	0.00218222768062993	0.102632201578756	0.0336443377427091	0.00387478842285849	0.101042920746331	0.0406352825111906	0.111105612099612	0.0157797409053559	0.0263714462025881	0.0101811053309555	3.66935670823337e-05	0.00185467686448571	0.0607928605233496	0.0248406880471362	0.00886789612074872	0.00354561921651432	0.123447978081235	6.64773272703157e-07	0.00456312085643345	0.033243926725026	0.00461283164009606	0.0776726014045238	0.176554530435931	0.00455536890891249	0.00436797487284125	0.120508514128608	0.0182201906571857	0.0237893253798029	0.00460014056042068	0.107196786968191	0.00602554375593767	0.0021078247798342	0.239942142043505	1.69580626957955e-05	0.0228707841363996	0.0329477648892925	0.0484590895060162	0.00241394572579232	0.0198868548636744	0.0327638217258789	0.0131231983026714	0.00213813355929002	0.0402042388602146	0.191592443525456	0.0131929470863094	0.0166632094821954	3.66935670823337e-05	0.000189421217430499	0.000278067821734673	0.0289289048787985	0.0920169070775897	0.000458206047989295	0.0796754099027343	0.0102410971234656	0.00355514964978387
GC>AT	0.0298340305449215	0.43135283834485	0.0566640041089434	0.17241419866646	0.00284274703155253	0.156008274972022	0.0009538039768321	0.066641914215073	0.0117840840677839	0.020659357151713	0.171789304774979	0.000376043859087926	0.00316585203209432	0.0137530452176488	0.011501107741723	0.0537419057737244	0.0168901113374439	0.066641914215073	0.011101378945469	0.0009538039768321	0.00284274703155253	0.00465628788828345	0.20382975450234	0.011101378945469	0.109999741708848	0.00232814394414172	0.00268869518307993	0.0386074693807665	0.000775711327383929	0.13521656169497	0.00298371128360133	0.011101378945469	0.121898438373435	0.0715265355233284	0.131992298330225	0.0450354701465489	0.110578890915464	0.091196557067056	0.118086995263743	0.337251282072839	0.18883443932453	0.416999161030165	0.122729532305708	0.152043008990615	0.00300786024903973	0.0932867056894667	0.011101378945469	0.171308519355081	0.077272428760583	0.103632451769308	0.00839239349982793	0.157561344041534	0.0459925060175282	0.0315985966843549	0.120794982902466	0.10471422826911	0.151464334019873	0.021676113999752	0.0464308452795845	0.0732493980306951	0.000153754418025293	0.00940483911243373	0.114308565584774	0.0259975551692171	0.0250975370270412	0.0260909805436882	0.21679355332058	1.26132742958184e-06	0.00269327058067688	0.0415309182055993	0.0027956269613437	0.173046864792801	0.313118190368597	0.00268869518307993	0.0361121326873198	0.19246971927866	0.0435332142312463	0.0221783521467335	0.00271512055633852	0.278991619745049	0.0270600900093946	0.00552859965338342	0.346629224594177	0.000139913054927621	0.0187367933945678	0.0472405580492863	0.0436896627211873	0.019889380761282	0.0151722144766986	0.0296088535972076	0.0743437627294482	0.0161030901075255	0.0669863618154831	0.543145394436172	0.0417334853912647	0.0135830611573312	0.000153754418025293	0.00121872165325679	0.00222050990591448	0.104446041765778	0.109525191750027	0.00217482540425193	0.131701171504215	0.0686923911576401	0.0293565169749527
GC>CA	0.0387133114871344	0.271178151256479	0.0254652401727197	0.109840963769593	0.00829285439777745	0.0913889122041876	0.000151769835026514	0.00516964849241926	0.000914132992022945	0.00947356658717139	0.0906658101389036	0.000593728357789437	0.00923541548216051	0.00106687225769261	0.000892181519670421	0.0333737983426897	0.0211703615824854	0.00516964849241926	0.000861173146137485	0.000151769835026514	0.00829285439777745	0.000875100191891537	0.0635356552901701	0.000861173146137485	0.033882875195052	0.000437550095945769	0.00784345473790195	0.0029949176615227	6.01746654698562e-05	0.0541487581018635	0.00384265847130473	0.000861173146137485	0.0524832126185285	0.0425229830649297	0.0645632185325811	0.0272807591244101	0.103879761319727	0.0241278193653065	0.0460111754585024	0.146028968453689	0.173697238781976	0.113593006530415	0.0374614646187612	0.0720141330462635	0.000233330335495362	0.0761808754187408	0.000861173146137485	0.121482982208251	0.0766169036615334	0.0156523873663422	0.00199367559722794	0.112114932930451	0.0463994907666235	0.00254642570849632	0.108940733179097	0.0388417301351652	0.138924756814145	0.0254297769021605	0.0305233363104729	0.00732009959997253	4.45883301024636e-05	0.00164767140262759	0.0665739514245225	0.0321218785613074	0.00839973972878732	0.00257500893357492	0.143574650938675	1.02231532664397e-06	0.00785680207611473	0.0438037420320099	0.00793211836162186	0.0806123203978217	0.19642281586063	0.00784345473790195	0.00280134558714135	0.137800888810177	0.0245914269776093	0.0311045824011337	0.00792054276944614	0.128308737421418	0.00522005351375643	0.0020310411062841	0.284012325097986	1.09162789945845e-05	0.0283824723914192	0.0407370951952451	0.0508074762374917	0.00155770406946753	0.0241448749447357	0.0343477439788141	0.0132228171627981	0.00159276690802697	0.0531405932994355	0.208861941623153	0.0155144113863966	0.0176727151696126	4.45883301024636e-05	0.000170362548705398	0.00018711015240267	0.0273801368397002	0.11425489368641	0.00052092599229752	0.0961027449336499	0.00820826899223558	0.00228506083225212
GC>CG	3.98608716965688e-05	0.0545940357569106	0.00605158595937753	0.0184408656247945	0.000584845408402209	0.0204946869555618	0.000143234788042154	0.00989828431723879	0.00175028307477379	0.0032270792072219	0.0210684907187354	4.28474372918261e-05	0.000651318602781189	0.00204273171615077	0.00170825276752062	0.00655809991140611	0.000178481040760977	0.00989828431723879	0.0016488812845476	0.000143234788042154	0.000584845408402209	0.000701947917620064	0.0249131570131267	0.0016488812845476	0.014507571412631	0.000350973958810032	0.000553151938939373	0.00573434471684915	0.000115215947155554	0.0170070667422507	3.17422964478367e-07	0.0016488812845476	0.0166441926798478	0.00741498169056405	0.018630562824004	0.00399486205853021	0.0152188299724145	0.0115642812175446	0.0153206475861399	0.0411277343185891	0.015143576943324	0.0587412942242412	0.0187918033714849	0.0165652310075119	0.000446755713460314	0.0103324687612865	0.0016488812845476	0.0191072561361756	0.00720165380551747	0.0155458329814712	0.00110404273701876	0.0141077883509279	0.00595160591559751	0.00469523896588979	0.00742420906510896	0.011786027690952	0.0161172171937191	0.00369794001649764	0.00509969526798311	0.0107469828597552	2.3494997017755e-05	0.00133190438211972	0.0121347856138156	0.00245859688722322	0.00295367014445623	0.00385254960286068	0.0239407241723954	2.0596728846965e-07	0.000554093246852633	0.00468856973350757	0.000570653444875243	0.0192390321301569	0.032626891091073	0.000553151938939373	0.00536371382561662	0.0193859425812585	0.00641240313898983	0.00195288091259478	0.000558588496622511	0.0378384587120288	0.0036721961712644	0.00063256133225734	0.0344115274138447	2.07824674072032e-05	0.00104856561483616	0.00508229995669587	0.000674162946211542	0.00295445645906727	0.000582769895021589	0.000467298912682027	0.0111924275826883	0.00239870405043828	0.00869696494133539	0.0706055070885994	0.00590806308587562	2.40833159513402e-05	2.3494997017755e-05	0.000182543413878515	0.000329608720751119	0.0136527299059911	0.0103177796139237	0.000330120808819971	0.0148188243268231	0.0101258961666068	0.00436046276555258
GC>TA	0.0568330614452567	0.167657715146841	0.0313518866689664	0.103590515367171	0.000401968051595326	0.0508571276047475	1.21495209285164e-05	0.000595367101259659	0.000105276927517334	0.000551743956850308	0.0694399522347978	0.000290717610710322	0.000447655510270663	0.000122867278966494	0.000102748866957304	0.0233897964144675	0.0303100073318228	0.000595367101259659	9.91777604319472e-05	1.21495209285164e-05	0.000401968051595326	6.55714976770858e-05	0.0717460752568832	9.91777604319472e-05	0.0272331190995839	3.27857488385429e-05	0.000380184923976907	0.000344912318364936	6.93006810861377e-06	0.0456018381875018	0.00571555083547007	9.91777604319472e-05	0.0280225955214953	0.0446950096416737	0.0258606802131477	0.035489306291872	0.0388948086798504	0.0264996912564334	0.0344780054084696	0.130434639028409	0.181571262920792	0.0592509178315352	0.00239987714954895	0.0815859615453055	2.68716926660535e-05	0.0566439491930482	9.91777604319472e-05	0.0977639514985331	0.0649951183960835	0.0012809895605937	0.00195265519056934	0.127130031575067	0.0210652637706352	0.000286737847816579	0.139808278535924	0.0493280712487004	0.103022136107739	0.00130149962647547	0.0267137623992043	0.00250494918763862	2.89724159064603e-06	0.0010207203080494	0.0680172912264519	0.0231495341165709	0.0102046938657929	0.000620998962105151	0.123622939496608	5.43946610644203e-08	0.000380831891025649	0.0268632069210156	0.000384889397928313	0.0883758535317452	0.196569121234223	0.000380184923976907	0.000322619420699217	0.132471587946518	0.0065276545512645	0.0222672772644868	0.000383921505418568	0.0690195268456935	0.00477600211170796	0.00248899290108669	0.253348553156021	1.25288485175337e-06	0.0258017868248346	0.0308578680926253	0.0750906093598575	0.000178379313953947	0.0240493290715464	0.0507557746417029	0.00101198024574991	0.000159890674511175	0.0265860279026559	0.15638300639072	0.00670480140407607	0.0258241726732523	2.89724159064603e-06	1.44249140350225e-05	2.5901349731838e-05	0.0259113366372536	0.0924277951820241	3.58603098061521e-05	0.0744867169321239	0.00219292663454469	0.000262628512435792
TA>AT	0.0977807640390719	0.353986489192015	0.0570243556799069	0.196032029048894	0.00338594710127594	0.111417058223816	0.000108577093852533	0.00546365693748578	0.000966121598204348	0.00476799031307355	0.139349182305907	0.000637231165397848	0.00377079191083846	0.00112754745718224	0.000942921700883908	0.0476685418448742	0.0523595028058701	0.00546365693748578	0.000910149817955733	0.000108577093852533	0.00338594710127594	0.000582463931592938	0.135437496296037	0.000910149817955733	0.0559799886753546	0.000291231965796469	0.00320245859385953	0.00316524473232021	6.3596921325962e-05	0.0907594415957391	0.009816539288039	0.000910149817955733	0.0636507515644323	0.082888329030681	0.0647820308116911	0.0632153810371436	0.0957579413794216	0.0509342189812013	0.0709459538154277	0.254581739840397	0.332576085876379	0.14240655248903	0.0209751465795869	0.150441896351559	0.000246600307182302	0.112332247900804	0.000910149817955733	0.191113733198511	0.124117036351832	0.0114699136139939	0.00389584200640294	0.230913415301971	0.048081499780795	0.0026278076765804	0.247024762371719	0.0900085350224927	0.203627212294154	0.01105270399334	0.0513455456847373	0.00926800951168178	2.53623246742181e-05	0.0024511563393059	0.126978365476948	0.0456946996881573	0.0188881645402383	0.0028897823550629	0.238442395385491	4.64488765477238e-07	0.00320790827125208	0.0556228620092385	0.00324261569539402	0.164165988275696	0.367505087637409	0.00320245859385953	0.00296066381958541	0.248601321469499	0.0194674482770824	0.0438957972954278	0.00323393340149875	0.155532587757841	0.00992572926881469	0.00457526884596196	0.481086883850242	1.14953137904251e-05	0.0480949461577629	0.0607925829835004	0.129269791651926	0.0016364230057179	0.0439850039812864	0.0873821608059718	0.00900713875227915	0.00145441693946254	0.0593316029349316	0.322175975322602	0.0167311887994419	0.0444577754622515	2.53623246742181e-05	0.000129531738491337	0.000195792098222529	0.0516910838715563	0.178192178255812	0.000315872311464541	0.14680192896604	0.00889262969082148	0.00240983833637866
TA>CG	0.00124938516294267	0.0101659696872483	0.00154068036256004	0.00460037691291098	1.42861618337258e-05	0.00357405049419015	2.00282858383593e-05	0.00143084109932363	0.000253011216749479	0.000397985542984544	0.00420099777420594	8.7035157021065e-06	1.59099188109708e-05	0.000295285970849518	0.000246935548572287	0.00130661047282528	0.000684303104326522	0.00143084109932363	0.000238353136182129	2.00282858383593e-05	1.42861618337258e-05	9.69971175405427e-05	0.00511124895952807	0.000238353136182129	0.00258941529463599	4.84985587702714e-05	1.35119777035036e-05	0.000828925077881164	1.66549784997138e-05	0.00328306635052526	0.00012561295338971	0.000238353136182129	0.00274039949946129	0.00195393150835239	0.00285018216885225	0.00133673360429147	0.00232211645384363	0.00223108172615952	0.00279557863744346	0.00836669719942837	0.00570957256284815	0.00925553037458493	0.00247326114320743	0.0040721824409084	6.45805288764414e-05	0.00238929946243936	0.000238353136182129	0.00441365573883631	0.00216146164415972	0.00218095908095902	0.000199527165544206	0.00461286438050045	0.00101812349604077	0.000677889062648627	0.00401985361943638	0.00277185882830629	0.00394563200657227	0.000327865508975314	0.00121508144440783	0.00158972443472176	3.11204785823123e-06	0.000209963073313511	0.00308065284545401	0.00070519515437039	0.000646080673427049	0.000562408038227403	0.00565001753985733	2.1727561599126e-08	1.35349712621278e-05	0.00102413196771037	1.53424276091989e-05	0.00457655729251139	0.00850057638545256	1.35119777035036e-05	0.000775348731227748	0.00528841674616364	0.00088874212738663	0.000615203251342892	1.3644777827714e-05	0.00629183045441998	0.000628479971740039	0.000144750039833294	0.009512351565491	3.00365230574124e-06	0.000610498197493541	0.00122840231966155	0.0017462615189714	0.000426950908770975	0.00053396210882319	0.00118200890961058	0.00155302607850531	0.000343752965130963	0.00151537070983274	0.0128434637220054	0.000910974545317628	0.000567759345669066	3.11204785823123e-06	2.57275628849232e-05	4.76698369136961e-05	0.00249056594703131	0.00303146569561163	4.46549862237833e-05	0.00336556828312705	0.00147977379960495	0.000630256676863576
TA>CT	0.0282446483520099	0.185382167928066	0.020982029418285	0.0798277947624081	0.00411021386090716	0.0626236896043035	0.000154723869979164	0.00828123786937305	0.00146434574077609	0.00623046260829653	0.0662443586146858	0.000345620438476556	0.00457737841583065	0.00170901811895782	0.00142918177084646	0.0232538333483645	0.0153893892623004	0.00828123786937305	0.00137950958954725	0.000154723869979164	0.00411021386090716	0.000817785401660118	0.0569133228676618	0.00137950958954725	0.028937952187121	0.000408892700830059	0.003887476474899	0.0047975458274629	9.63935399469735e-05	0.0429868640598334	0.00281579679577961	0.00137950958954725	0.0386241883262905	0.0319575123681895	0.0447514753213693	0.0213714865101998	0.0627284937715864	0.022715420377933	0.0362143923291284	0.114563998453817	0.121367180592597	0.0967936586470125	0.0282549813034571	0.0576394615705174	0.000373770869182144	0.0509616825238085	0.00137950958954725	0.0842675565954144	0.0509180072630961	0.0164211554433975	0.00191906442544408	0.0828320843464439	0.0282326812335675	0.00397090268740933	0.0799163336223012	0.0338108982169085	0.0912656539636068	0.0137463133765545	0.0217666529383499	0.0101102452272776	3.43070968554194e-05	0.00171974712552413	0.0499650866619194	0.0202204411012602	0.0074621315153548	0.00354879687082367	0.101963433645418	5.86997815228245e-07	0.00389409185868569	0.0274540517420317	0.00393816881099092	0.0643619850509784	0.144739207396404	0.003887476474899	0.0044874635471743	0.0984121693756496	0.0159959963273305	0.0192975027340736	0.00392568386171239	0.0928346691278777	0.0054227528746032	0.00176010430836576	0.195729779364289	1.74154496904148e-05	0.0182366724476407	0.0270988503342545	0.0375344783994826	0.00247844294650405	0.0157375436945436	0.0253799420363263	0.0127082826012108	0.0021609582495908	0.0339262987289401	0.164994390634221	0.0116972564234302	0.0128739289147819	3.43070968554194e-05	0.000186732563642738	0.000283589392612738	0.0252849596286131	0.0748099691426844	0.000434180123309593	0.0659336941762369	0.0100762753475798	0.0036515962227506
TA>GC	0.000231237688863279	0.0135012249697859	0.00163996292542915	0.00484004713070614	9.45168121318739e-05	0.00503677769639297	3.56511941313257e-05	0.00249907178306524	0.000441903152541898	0.00076294121308732	0.00535010977064437	9.29341057770139e-06	0.00010525953890148	0.000515739195661829	0.000431291540314612	0.00164445365053309	0.000159819679442419	0.00249907178306524	0.000416301710455088	3.56511941313257e-05	9.45168121318739e-05	0.000173841372018359	0.00654432601525898	0.000416301710455088	0.00370644354826425	8.69206860091793e-05	8.9394833475651e-05	0.00144778010177875	2.90891747768974e-05	0.00436216586719286	2.26684558559322e-05	0.000416301710455088	0.00412832531835047	0.00198419345539138	0.00453212431343365	0.0011373552102747	0.00349599607052231	0.00301645467830874	0.00389174311015434	0.0106177724783388	0.00422471561599088	0.0147303526189611	0.00456052328656691	0.00443604601248675	0.00011279475933899	0.00259651315499929	0.000416301710455088	0.00487764289602051	0.00186568999134845	0.00387481809197419	0.000285147603284826	0.00392095899931434	0.00137734091714332	0.00118480482209366	0.00234500041825685	0.00316782770939053	0.004035986267891	0.000777297445465567	0.0013206326623816	0.00271746419255932	5.71688930553115e-06	0.000337735681270969	0.00322387497967962	0.000603214778446207	0.000784538056776366	0.000972087623447034	0.00618225147717431	4.59156275936747e-08	8.95469581600849e-05	0.00112317396918882	9.32844443298249e-05	0.00511795381690143	0.00866418573061069	8.9394833475651e-05	0.00135420497577449	0.00513553068760441	0.00152255652411765	0.000473440363417933	9.02734350578795e-05	0.00936798202959742	0.000943449836307165	0.000169019201377097	0.00899628671354671	5.24664563878584e-06	0.000292189528072025	0.00128018000666252	0.000466814290027428	0.000745829597559554	0.000187766202530016	0.000318461880133441	0.00277672813265238	0.000603351438035016	0.00207960546859924	0.017935795591514	0.00145918448912109	0.000106020015652887	5.71688930553115e-06	4.5588538417464e-05	8.31653371899503e-05	0.00352228507388545	0.00263532550359123	8.10285998786662e-05	0.00375800170569529	0.00254971595513039	0.00110085774972997
TA>GG	0.00731028463126366	0.0743596035499304	0.00499028146614148	0.0260978780199747	0.00295138704549721	0.0255562259666649	4.12099392648406e-05	0.000918776390832808	0.000162464394316874	0.00312436825269322	0.0229661917397072	0.000179206545877206	0.00328684000784315	0.000189609998405084	0.000158563066292136	0.0088294245662675	0.00407716882960439	0.000918776390832808	0.000153052099432018	4.12099392648406e-05	0.00295138704549721	0.000249589367794548	0.0123373485798659	0.000153052099432018	0.00781438935167201	0.000124794683897274	0.00279144786523585	0.000532272096242186	1.06945495503299e-05	0.0128036501349008	0.000716865698008112	0.000153052099432018	0.0143718142559519	0.00951678246492662	0.0189021781090654	0.00534300217567824	0.0321050393615796	0.00458238100995769	0.0113212104140133	0.0340547507400401	0.0403922643662222	0.0291826464022255	0.0117720724186059	0.015027344091813	4.14686615216875e-05	0.0201845448767335	0.000153052099432018	0.0310364315587077	0.0196132799279098	0.00417533208939406	0.000393913323461209	0.0244584056730235	0.0139670205053058	0.00046999098907001	0.0223561981588897	0.00719176606876969	0.0370937074972068	0.0088663336268951	0.00750781215110796	0.00139923783974744	1.39026603029857e-05	0.000359347032008422	0.0150901492159378	0.00877562410526172	0.00157448303491582	0.000517362837111584	0.0355676868933392	3.50903617213712e-07	0.00279619811879192	0.0124188952485872	0.00282191606605973	0.0171180064113171	0.0453179864058699	0.00279144786523585	0.000497869476387681	0.0327797195002697	0.00766866657463388	0.00855536782484087	0.00281888312537057	0.0353361381949514	0.00100047694678314	0.000385603407885878	0.0704760597411983	1.95157882287105e-06	0.00720421848618177	0.0107649447894351	0.00947527986958046	0.000279554766844034	0.00590051730371335	0.00640558845607595	0.00371470013975913	0.000345965115332056	0.015522169756162	0.0513088880363962	0.00435026785388728	0.00335131330818533	1.39026603029857e-05	4.41559652943197e-05	3.53635879927436e-05	0.0056596303863225	0.029836584406503	0.00015705052753386	0.0249281938279811	0.00182175748658983	0.000407535310075415
TA>GT	0.0260854795074164	0.160519499650969	0.0186615309006816	0.0706009004217377	0.00345837377723907	0.0538989342318382	0.000124261045195931	0.00654168790272959	0.00115674648753614	0.00512796721817964	0.0576605100548928	0.000301230097072355	0.00385145056133768	0.0013500231886442	0.00112896903200001	0.0202419406363127	0.0141795943941378	0.00654168790272959	0.00108973094795596	0.000124261045195931	0.00345837377723907	0.000659469509133026	0.0496882379564493	0.00108973094795596	0.0248119712517005	0.000329734754566513	0.00327096038196348	0.00378977732524436	7.61451927983489e-05	0.0372782043067158	0.00260267456123666	0.00108973094795596	0.0329195155288542	0.0283891402685035	0.0379129324798002	0.0192518653024147	0.05376907516218	0.0196699486922572	0.0312023942252975	0.0999015769107603	0.108904890302841	0.081249374420231	0.0230519981473937	0.0510888583761972	0.000295256870034415	0.0447666089181926	0.00108973094795596	0.0740883257578212	0.0452086311844989	0.0131712582593902	0.00164441837325853	0.074272325938037	0.0243834651116494	0.00313927331185148	0.0726298707630618	0.029927142046734	0.0803476884113804	0.011481134922535	0.0191869859320713	0.00812060161669826	2.79565103432534e-05	0.00142849957948826	0.0442866842525883	0.0178675663022008	0.00656122777485482	0.00283639582762609	0.0898171399109041	4.87920707777832e-07	0.00327652662999544	0.0240148678854522	0.00331311051080972	0.0569044999582264	0.128392690163258	0.00327096038196348	0.00354483067188029	0.0873852564372656	0.0134564863404785	0.0170777424065389	0.00330310844752011	0.0792926941896168	0.00459099893016063	0.00155390838495469	0.173598560063298	1.3758818679958e-05	0.0163645324893449	0.0238534059934892	0.034618245629758	0.00195821151411471	0.0142076279001088	0.0234067663791495	0.0102341797453503	0.00171603354890232	0.0292769123541466	0.142093403766332	0.0098578765634201	0.0118863295735248	2.79565103432534e-05	0.000149494709748543	0.000224684224613606	0.0217163736547983	0.0663135230591359	0.000352207003780107	0.0578963789826246	0.00810938625622315	0.0028847486277678
TC>AA	1.22098480155105	4.63686215493925	0.676262486323431	2.45937954344584	0.073150942722753	1.46268103783973	0.000712227122865526	0.000531665271495251	9.40127295113644e-05	0.0714687095730406	1.74611628868963	0.00935609702841947	0.0814652370042106	0.000109720985743742	9.17551610277162e-05	0.614902966602176	0.654755842475636	0.000531665271495251	8.85661482046607e-05	0.000712227122865526	0.073150942722753	0.00469259087055368	1.53331567095799	8.85661482046607e-05	0.637598485469278	0.00234629543527684	0.0691868059849866	0.000308008119692144	6.1885793397909e-06	1.08442864936818	0.122383828623907	8.85661482046607e-05	0.795537161621007	1.02293744431357	0.852829149463915	0.767604089676647	1.40760415806118	0.559392803922888	0.849614710148679	3.06696501489362	4.24298297165949	1.57946109868946	0.254099230476103	1.8039389211574	2.39965321338831e-05	1.47939236909475	8.85661482046607e-05	2.46227346841008	1.63113423753929	0.0697961728500446	0.0417044808764611	2.87211393390806	0.691341954113649	0.00111462038652562	3.08036116758808	1.04169070649524	2.70795484009792	0.21531159000636	0.650927650063117	0.0442323307933426	0.000297107221563021	0.0229077096008518	1.56791031853168	0.622279032303747	0.215840836802681	0.0110818280831828	3.03006307475281	8.38494879329348e-06	0.0693045423307937	0.767430131166405	0.0699157277505513	1.96917209911143	4.57811419673616	0.0691868059849866	0.000288100470336337	3.14482277931457	0.276146739232525	0.602490096718667	0.0698667964815773	1.96805138111039	0.0997555700267656	0.0529610559508252	6.20110603456176	1.68449257935907e-06	0.639976905738834	0.802381263505722	1.6070454535259	0.000292883667240953	0.579124385481988	1.08623117079223	0.068135305770118	0.00324112459534871	0.820556968861343	3.8491310420321	0.205075515465528	0.555457937853849	0.000297107221563021	0.000696603892494706	0.000239522606852846	0.566489055081588	2.36387339397558	0.00320812921432784	1.90451738438386	0.0500980364265592	0.000304613884976978
TC>AG	0.00769497817723095	1.000593040363	0.0780726018120836	0.308341656592683	0.0269789367962629	0.368417504828371	0.00187436298424464	0.116133335801267	0.0205354994416529	0.0574775288273672	0.342099258261494	0.00151250685485763	0.0300453473109589	0.0239667037984027	0.0200423715793261	0.116941353646682	0.00710997089561463	0.116133335801267	0.019345785368207	0.00187436298424464	0.0269789367962629	0.00951640945787477	0.308226720645405	0.019345785368207	0.195246153734379	0.00475820472893739	0.0255169160687203	0.0672791929650124	0.0013517910631617	0.243895945749225	0.000603846331205033	0.019345785368207	0.264583474483298	0.11473462823406	0.320270655223098	0.0544539559372389	0.365148612748212	0.140309352918825	0.223350405771279	0.595895154660588	0.311634875784875	0.812947654848616	0.290109876342176	0.226635549309568	0.00524163881634131	0.213021513096127	0.019345785368207	0.355069686778531	0.167666288610272	0.20136723771438	0.0135377920036135	0.230267147189398	0.148183800863611	0.0553249810371733	0.131235492718226	0.143386549540832	0.360368790270754	0.102570047473544	0.088821205413803	0.127473250697528	0.000357054055464523	0.016554786027427	0.188345503156441	0.0711392259387734	0.036008245297942	0.0460228646195538	0.420631978228063	4.72042666567904e-06	0.0255603386319016	0.118716700124286	0.0259225427447321	0.265822764387008	0.52916747565538	0.0255169160687203	0.0629307018154029	0.343435883730628	0.120268855848773	0.0646482176027308	0.025767704642958	0.616120001738181	0.0441849310501363	0.00781625773832744	0.682007787890494	0.000243990228594998	0.0423208856505287	0.108340588669119	0.0157898752959265	0.0347005919375974	0.0293211879991236	0.0108089931188785	0.149897539602897	0.0289994832109636	0.185383552140572	1.02517520226726	0.0911502567869291	0.00377151661463426	0.000357054055464523	0.00233067898269178	0.00389604616208409	0.17158933326925	0.252982841140736	0.00475096320518348	0.282456326365496	0.123781560676207	0.0511792540944499
TC>AT	0.0270767477328675	1.03220470284228	0.139307321524156	0.389971415658554	0.00135437884051038	0.38503756043471	0.00289446703893305	0.207275953771882	0.0366519673578868	0.056956068998363	0.425134309012518	0.000493944136569202	0.00150831676433539	0.042776015640187	0.035771827755506	0.127515775966873	0.0170876265940722	0.207275953771882	0.0345285536318632	0.00289446703893305	0.00135437884051038	0.0140057668744445	0.55027825394906	0.0345285536318632	0.304019583924002	0.00700288343722223	0.00128098343754381	0.120080584912237	0.00241269037855443	0.355399372779927	0.00271569392803974	0.0345285536318632	0.324714024757557	0.163520488888691	0.347248994614778	0.0982222688656421	0.236049671565355	0.25333531305715	0.31464099903947	0.866817756808549	0.339366651032609	1.19150247440991	0.355808675651538	0.371955422596959	0.00935533003929271	0.195570650781938	0.0345285536318632	0.379360596819836	0.139303551701302	0.315265819203339	0.0238004061209881	0.326903607750731	0.0924570989237246	0.0981926174725538	0.205264559437509	0.269850923435339	0.297383748552662	0.045391637892868	0.104858205762373	0.225274741076416	0.000447927068359566	0.0278796650240313	0.264558636193022	0.0404076483980252	0.0664383353616355	0.0804285738538705	0.489295501894868	3.06561788293671e-06	0.00128316330850083	0.0772059393918236	0.00153902778209274	0.427164023386453	0.706056980251987	0.00128098343754381	0.112319353873061	0.411861013292077	0.112725187570009	0.029671934351238	0.0012935733605995	0.73296259542036	0.0787142022980817	0.0143322476392808	0.700870773931013	0.00043511256767429	0.0191018693343768	0.0958277983940259	0.0496895888322079	0.061848082865512	0.0125834739950087	0.0338294091920526	0.224315509400482	0.0497666502962872	0.150045027409373	1.45097609479197	0.115061948533823	0.012315185357049	0.000447927068359566	0.00372025494407617	0.00688953037541252	0.292953807468329	0.192175208562572	0.00643765167215151	0.289605498305966	0.210141150210266	0.091300193046429
TC>CA	0.271684692056859	0.803042516279553	0.148685622759785	0.494331498131153	0.0025892536656816	0.243480964301745	3.45531356268007e-05	0.000690919845906272	0.000122173224526289	0.00271010965471678	0.330789647909805	0.0014190061446355	0.00288354675534706	0.000142586718800623	0.000119239425851687	0.111856573425723	0.144905737504209	0.000690919845906272	0.000115095178772877	3.45531356268007e-05	0.0025892536656816	0.000211233843582757	0.33783825541006	0.000115095178772877	0.127889200170497	0.000105616921791378	0.00244893892471611	0.000400268616374124	8.04230126184809e-06	0.215831197242383	0.0273183955186875	0.000115095178772877	0.132948220193339	0.212927989406347	0.1234746550023	0.168911427823971	0.189824220980574	0.124218503502116	0.16304579084241	0.61843967759055	0.869109374498885	0.275082811794047	0.0101326302012626	0.387291626603456	3.1184433464309e-05	0.271893171794849	0.000115095178772877	0.46790292186774	0.312113534281034	0.00348862890670389	0.00910801988599683	0.606608184413381	0.102406936534649	0.000357795042666945	0.667790045149599	0.233206375705569	0.495263022222993	0.00775544196790653	0.127611272464727	0.00968037267090819	1.19510725918962e-05	0.00462161411766431	0.323999878060981	0.111691527640254	0.0481440428103768	0.00216046307422003	0.590692556086214	3.0623143077171e-07	0.00245310632507512	0.129789525677476	0.00247553286474927	0.41944506421834	0.937421732599024	0.00244893892471611	0.000374397846243536	0.632998824250568	0.031562361495751	0.107566173181018	0.00247300789526375	0.328195818084668	0.0220529704742426	0.0117643086365858	1.21340915052897	1.47046104633886e-06	0.124177797571275	0.148186515362882	0.358761808760848	0.000210903873070569	0.11561175260057	0.242494285575148	0.00313501629265259	0.000275906505196513	0.128372101143998	0.739251332776682	0.0315990124594894	0.123456661164456	1.19510725918962e-05	3.66788523299297e-05	5.31656711687794e-05	0.12122312448077	0.444372281316016	0.000134237806734938	0.356791403192286	0.00846775892027894	0.000306822614047716
TC>CG	0.00128379284082787	0.0393416822533626	0.00546141305170626	0.0151698454294955	1.91930691302273e-17	0.0146375911512256	0.000110352144269487	0.00793822801679546	0.00140369236689779	0.00213072045812771	0.0163480867529301	1.75761563659522e-05	2.13745423822929e-17	0.00163823038621993	0.00136998489276406	0.00488469678591988	0.000782909976347905	0.00793822801679546	0.00132237013909263	0.000110352144269487	1.91930691302273e-17	0.000533088969009601	0.0213609324305826	0.00132237013909263	0.0117000314360964	0.0002665444845048	1.8152973847546e-17	0.00459883091153248	9.24009081148503e-05	0.0137015861862904	0.000129164990632092	0.00132237013909263	0.0123777572409232	0.00639576170339511	0.0131438610175794	0.00390652773628107	0.00872097560255237	0.00981067837102649	0.0120910465807913	0.0334943926843922	0.013485977521737	0.045563208919239	0.0134471773204932	0.0145364068151029	0.00035828923554738	0.00750770249027625	0.00132237013909263	0.0146323627614522	0.00541573930951174	0.012025090148792	0.00091877897305298	0.0129384568387942	0.00342913535778728	0.00375995653775298	0.00839609188206385	0.0105487370793848	0.0114107200913836	0.00158580544747848	0.00406225812400097	0.00863256192905962	1.69447857875856e-05	0.00106966354921922	0.0103245926864394	0.00154255443453404	0.0025877840321861	0.00307987568212801	0.0189387564153767	1.11466341337227e-07	1.81838650669904e-17	0.00291156758753018	9.36613074916817e-06	0.0166609930195816	0.0275616807735106	1.8152973847546e-17	0.00430159227598956	0.0160791702905003	0.00422592958452746	0.0011288967238618	1.83313871956614e-17	0.0279247520418023	0.00303298128978931	0.000559317946420888	0.0272770271505696	1.66634824938155e-05	0.000772099749207859	0.0036832805827934	0.00223337484794641	0.00236855478889531	0.000534456277067308	0.00151889688072349	0.00854289910922025	0.00190374901570253	0.00564641345425012	0.0557573665733258	0.00437819649550502	0.000583245314970847	1.69447857875856e-05	0.000141990644690137	0.000263805938278178	0.0113065878765063	0.00743829071462921	0.00024428514481427	0.0111465624672448	0.00804211467893839	0.00349655319666559
TC>CT	0.000145897262052028	0.254430252482493	0.0299222982807207	0.08768749446595	0.00190120024403195	0.0958094967267555	0.000702910770142025	0.0492464145486385	0.00870809153538445	0.0150721283013164	0.100425940358023	0.000164026128109318	0.00211728957560448	0.0101630959145125	0.00849898035325851	0.03074465431161	0.000801634157238886	0.0492464145486385	0.00820359252955613	0.000702910770142025	0.00190120024403195	0.00342815896753598	0.123532931786216	0.00820359252955613	0.071065318974673	0.00171407948376799	0.00179817193772861	0.0285297843585811	0.000573227855897682	0.0826297926852342	2.67371530608431e-06	0.00820359252955613	0.0794753601184835	0.0357398998542107	0.0877189229791201	0.0196871480199852	0.0665519073754527	0.057443652913091	0.074217336345583	0.199625764856765	0.0696012229155745	0.286340362406326	0.0900029604728979	0.0812350272957353	0.00222272025756245	0.0471016642360874	0.00820359252955613	0.0890163236210471	0.0320048947101715	0.0763931737231887	0.0054738385483688	0.0676276100671709	0.025787819323643	0.0233480804560472	0.0354822295256725	0.0586477150964742	0.0721414200417843	0.0154310762666606	0.0240604076678818	0.0534096150199833	0.00011281278075164	0.00658507919388063	0.0584320122594604	0.0102333102318342	0.0146820410820178	0.0191282156580878	0.112759070840104	9.09235775030489e-07	0.0018012319170132	0.0202718447806338	0.00187520508302793	0.0941814392048058	0.156038040739111	0.00179817193772861	0.0266858039343797	0.0913411335122596	0.0296746352022008	0.00774060261926199	0.0018158449580608	0.179971615863188	0.0182397132989661	0.00314072262876636	0.15860092003993	0.000103390082153364	0.00384962830789059	0.0230057384783321	0.00336849873812293	0.0146973012605568	0.001901246811984	0.00233464151368875	0.0547535876063371	0.0118912181225647	0.039225300746567	0.342226288326383	0.0283320385587619	8.57031783892132e-05	0.00011281278075164	0.000898725530100639	0.00163846870646889	0.0674898720725222	0.0452081221500418	0.0015984270276546	0.0686746294176011	0.0501374481228138	0.0216934105290548
TC>GA	0.116827944076913	0.328512332114206	0.0639372186405434	0.208816907882642	4.45424057173199e-05	0.0986976961772884	8.43311886137729e-06	0.000575766538255227	0.000101811020438575	0.000197974176791685	0.13817213947666	0.000558767859566817	4.96050700570194e-05	0.000118822265667186	9.9366188209739e-05	0.046279203047321	0.0622529019012412	0.000575766538255227	9.59126489773977e-05	8.43311886137729e-06	4.45424057173199e-05	4.15010328733452e-05	0.145596544822271	9.59126489773977e-05	0.0542294912381323	2.07505164366726e-05	4.21285996839275e-05	0.00033355718031177	6.70191771820674e-06	0.0911960235440712	0.0117540141475204	9.59126489773977e-05	0.0540757352297508	0.0905740705467352	0.0482911875409125	0.0725781958766978	0.0722256998387968	0.0536677377592799	0.0684156153250744	0.261842530191456	0.368149462359721	0.113632801591167	0.00112951077821062	0.165813773507549	2.59870278869242e-05	0.112628800479944	9.59126489773977e-05	0.195326746952088	0.130360757997345	0.000914199423185118	0.00392897987145051	0.258611360608333	0.0401087196745035	0.000273238262992945	0.28593668357741	0.100670913851972	0.204861463080165	0.00024606073937773	0.0536315943180436	0.00440323029013684	1.40924073767957e-06	0.00198111888170705	0.137641208167203	0.0459687048859405	0.0207812664836414	0.000995696727961871	0.247960563298741	1.31858908878266e-08	4.22002906271665e-05	0.0526804285453801	4.32513996736585e-05	0.179338223278699	0.397441599419766	4.21285996839275e-05	0.000311998205202947	0.267371777350464	0.0113596055020833	0.044204823583433	4.25426533031386e-05	0.133340953681406	0.00955818366798898	0.00507208077567637	0.509425932695722	1.20896292163688e-06	0.0519808109786036	0.0614405874503181	0.154379723316693	0.000171875071403341	0.048679805513837	0.104348671114003	0.000660763788427558	0.000139976478707003	0.0511182879519646	0.310277379687143	0.0126172213940848	0.05307704870807	1.40924073767957e-06	1.07170832025125e-05	3.06225783258724e-05	0.052067119214837	0.184871765890903	1.96617150471016e-05	0.148474587365009	0.00366800235173848	0.000253650911364418
TC>GG	3.733331072685e-05	0.0820894474474871	0.0108050106017926	0.029469999028899	6.3011208087916e-05	0.0311058626388396	0.00025026183293696	0.017959015852812	0.00317563736091384	0.00488186545272153	0.0338960378514364	2.91793469213346e-05	7.01730259343201e-05	0.00370624343549138	0.00309937940245696	0.0100413511463454	0.000247367332073105	0.017959015852812	0.00299165837023117	0.00025026183293696	6.3011208087916e-05	0.0012100429035412	0.0448103038611695	0.00299165837023117	0.0252277116548852	0.000605021451770601	5.9596555650434e-05	0.0104041452412139	0.000209042795210449	0.0289058953265129	3.35828975643439e-06	0.00299165837023117	0.0269070722202217	0.0123269038149631	0.028888053153872	0.00707223235193291	0.0185520527500607	0.0208988282619404	0.0258209759964143	0.0697146988989337	0.021846568847368	0.100742673990042	0.0306402652716863	0.0289101967473944	0.000810574103877252	0.01450262265581	0.00299165837023117	0.0287110531815746	0.00929964027954447	0.0272643384469541	0.0019848356251899	0.0230982228800385	0.00702077012397289	0.00850706462709247	0.0120714528811206	0.0214077234280695	0.0213094344608138	0.00377301503331393	0.00796211903087218	0.0194407326626005	3.85899093788244e-05	0.00237577911742122	0.0201151748847824	0.00248927301491699	0.00534892755568609	0.00695124306809603	0.0371864601914958	2.5939164367126e-07	5.96979721067233e-05	0.00549099253407897	8.14133238377371e-05	0.0334106373405937	0.0530302858118909	5.9596555650434e-05	0.00973168869845787	0.0301556641050263	0.00943039009667909	0.00159458597049683	6.01822900385864e-05	0.0604730971696484	0.00663396651994005	0.001142059626719	0.0500336927294819	3.76990472727317e-05	0.000556888364819795	0.00697358711569294	0.00125970691225951	0.00535860533237112	7.65419471402208e-05	0.00087254146629572	0.0193851888403839	0.00430962038906711	0.0117843310605578	0.119187969208789	0.00967006482012291	1.76046867729108e-05	3.85899093788244e-05	0.000321823774744177	0.000596627756805978	0.0243470046521647	0.0126848037037449	0.000555406786652102	0.0219075929339204	0.0181335375457056	0.00791047268433423
TC>GT	4.38653158052724e-06	0.168996198457497	0.0223567980716391	0.0607421563851443	6.98917423044125e-05	0.0640740272047109	0.000518374850219027	0.0372410697084232	0.00658522344964399	0.0100641206322607	0.069942480432493	5.7214253214931e-05	7.78355977317458e-05	0.00768552526868609	0.00642708962037462	0.0206815120691348	0.000470528772276004	0.0372410697084232	0.00620371176364446	0.000518374850219027	6.98917423044125e-05	0.00250536061464238	0.0928104872054781	0.00620371176364446	0.0522149296159829	0.00125268030732119	6.6104225520309e-05	0.0215747623010166	0.000433485741773373	0.0597677589949809	2.26038733606161e-18	0.00620371176364446	0.0555637667865818	0.0254386380093097	0.059576436979726	0.0146108617397593	0.0378759295502073	0.0433000608362172	0.0533828890452501	0.144109146598632	0.0447369603392971	0.208484914514903	0.0633274407077529	0.0597804458164534	0.00168086308034574	0.0297472717874946	0.00620371176364446	0.0590567479326835	0.0189761990423354	0.056479920108876	0.00411243469968004	0.0475895353349528	0.0143046437982844	0.0176401266306031	0.0247737823516952	0.0443333115108539	0.0435820023985752	0.00764519813330062	0.0163998672749072	0.0403078295625991	7.97768422341659e-05	0.0049229440716394	0.041513351492282	0.00501409135217978	0.0110787882724814	0.014411761510334	0.0765822586296912	5.30932744009591e-07	6.62167161873425e-05	0.0111710967191715	0.000110739943873369	0.0690834038200768	0.109351825694829	6.6104225520309e-05	0.020180309442914	0.062065846735629	0.0194146652858916	0.00316125030568979	6.67539194106159e-05	0.124823678904172	0.013749237548405	0.00236485586055131	0.102690412034335	7.81749054403506e-05	0.00104137177230577	0.0142869767576912	0.00252077288323603	0.0111118667833942	6.94867482743712e-05	0.00174755474103934	0.0401423511936139	0.00893414311656962	0.0241628701387364	0.246427891600273	0.0199811921130975	2.70677906120604e-06	7.97768422341659e-05	0.000666785431323284	0.00123711681118655	0.0504307239142183	0.0258248222990166	0.00114907863508723	0.0450363988111818	0.0375865844213571	0.016403650191071
TG>AA	0.0265338813001669	0.711038155254914	0.0310347515905645	0.20652095472111	0.0325920041834048	0.252461065873861	0.000580720303378683	0.019184051040589	0.00339225655333634	0.0369281537415256	0.207008671256742	0.00173421689826805	0.0362963927246483	0.00395905676669816	0.00331079682417981	0.0812082371696857	0.0162637535689126	0.019184051040589	0.00319572783614053	0.000580720303378683	0.0325920041834048	0.00336314901755962	0.0918921242931039	0.00319572783614053	0.0741878309226813	0.00168157450877981	0.0308258046467762	0.0111138413695368	0.000223302194610888	0.114025762259195	0.00246382219630716	0.00319572783614053	0.147516227648399	0.06943737888372	0.201235951174327	0.0289860175980239	0.330522774425344	0.0365267970543455	0.106627428623945	0.290623835800375	0.286467711345958	0.32166136276281	0.145308603340811	0.103968637243764	0.000865865652572836	0.178096652958094	0.00319572783614053	0.266900161148847	0.160869851308483	0.0597991047506501	0.00355498080352051	0.162026474275395	0.139217617591504	0.00947097575331703	0.120431860958473	0.0437959872777314	0.325507119237304	0.0997159484010575	0.062131462548681	0.0234807224085087	0.000172818763033459	0.00427943291521998	0.113169106214924	0.0768438231146142	0.0105150755031428	0.00885240408567733	0.296902585053101	4.00191905622402e-06	0.030878261434512	0.11550456741164	0.0311729270961495	0.123107538595885	0.343420634002493	0.0308258046467762	0.0103955146669748	0.253479641908256	0.0842732019348312	0.0747667496703815	0.0311287707096136	0.359575492794261	0.010049850085016	0.00249625600976066	0.56764786313449	4.0523352805594e-05	0.0557073297092599	0.0939524814372097	0.0336507255649135	0.00578382130812934	0.0425979003487506	0.0227676440499246	0.0507477297213859	0.00598798340958177	0.153747799745364	0.484270716275648	0.0471827751663078	0.0123876329608286	0.000172818763033459	0.000649275059346749	0.000685426306696602	0.0509480781683899	0.250197039824457	0.00201243068110059	0.217674819077271	0.0278082838551154	0.00848138377638202
TG>AC	0.000544634331244662	0.0557478631565557	0.00198174835579305	0.0148115126113656	0.00264357367265395	0.0201034116914155	5.49671622962168e-05	0.0021217609452299	0.000375184441275768	0.00314713029538722	0.0159647372694837	0.0001338340842046	0.00294404074322147	0.000437872689650141	0.000366174974423974	0.00626777146371623	0.000469753070963107	0.0021217609452299	0.000353448314955006	5.49671622962168e-05	0.00264357367265395	0.000310779569370057	0.00687942055722763	0.000353448314955006	0.00607501925443626	0.000155389784685029	0.00250031526579407	0.00122919369425529	2.46972797615619e-05	0.00891358284204166	3.81036722364673e-05	0.000353448314955006	0.0120754459844406	0.00477712111733017	0.0165733660113662	0.00157735387171737	0.0263944229035824	0.00289117025138122	0.00852860407988561	0.0221872523881287	0.0188562902244031	0.027735361577834	0.0127444611732305	0.00707163138174631	9.57649623407504e-05	0.0133520316483248	0.000353448314955006	0.019867692880294	0.0115450554281299	0.00570734507525522	0.000297621290908435	0.0103154151694948	0.010958767332437	0.00103615629399348	0.00621468766482537	0.00284996090067676	0.0242508820431002	0.00820108448074713	0.004553571435405	0.00246481290142903	1.52250993714649e-05	0.000395660191749617	0.00792383062400135	0.00567665493920139	0.000737576886097124	0.000926301157958264	0.0218467739152549	3.32543798206925e-07	0.00250457009413264	0.0088144688223521	0.00252913823470928	0.00858104137655235	0.0240677786452927	0.00250031526579407	0.00114974657747128	0.017834551783495	0.00697720994898282	0.00550392339297162	0.00252488917977977	0.029249657270195	0.000895402741917365	0.000169104310559786	0.0406086337385082	4.47442445220126e-06	0.00381861779556095	0.00699416354812081	0.000643953119294548	0.000637928253250715	0.00278591984734543	0.000437750210356501	0.0047250181404627	0.000621363483877716	0.0121375800018914	0.0388018863498994	0.00396072173850426	0.000274438130334688	1.52250993714649e-05	6.27824461281724e-05	7.42296280615061e-05	0.00419260067687457	0.0181448240039796	0.000180639574978657	0.0163041703509269	0.00278394275671783	0.00093711783627879
TG>AT	0.00231827057622535	0.746547981975266	0.0224577746627173	0.191182112886646	0.0369376047411921	0.269782495291626	0.000713530105119974	0.0257257389433188	0.0045490030408725	0.042921213581419	0.209536429903642	0.00183917215197083	0.0411359117546014	0.00530907995534238	0.00443976585617984	0.0833353943322545	0.00369552190892641	0.0257257389433188	0.00428545878409651	0.000713530105119974	0.0369376047411921	0.00407910057286684	0.0798262685958433	0.00428545878409651	0.0769771217945596	0.00203955028643342	0.034935911933013	0.0149036186947813	0.000299447387409239	0.114183020732434	2.26038733606161e-18	0.00428545878409651	0.160495972527611	0.0599965215599139	0.223201142577674	0.0172260381960421	0.361650989550427	0.0334387834412814	0.110503642474323	0.283128649842302	0.242170612780756	0.360639332757176	0.171431574626722	0.0850576010766028	0.00116112252260726	0.178389934072289	0.00428545878409651	0.262635780683727	0.153460616530131	0.0738071324772604	0.00355067519028038	0.127466150169993	0.149845141342899	0.0126207136717798	0.0713064688436133	0.030624984925261	0.325085313788555	0.113807247588359	0.0594930237004142	0.0300255266625244	0.000204365036897986	0.0049242056556544	0.100158538839052	0.0767296011878987	0.00820607504839855	0.0113909053601204	0.286074634759219	4.5914478535398e-06	0.0349953629591137	0.119634882694813	0.0353340177856973	0.104565782486557	0.30690946244412	0.034935911933013	0.0139403453388551	0.230640861309687	0.0949654572762673	0.0745895426113703	0.0352792734708955	0.389676608065804	0.0106405427089739	0.00188582844402322	0.533711003099417	5.4289066060829e-05	0.0509052982432228	0.0934706608863528	0.00174132337328806	0.00774366108956631	0.0367235664455177	0.00120719241979692	0.0618013634223831	0.00774178116651748	0.164788609672293	0.502421424019226	0.0526902656378823	0.00143052572146102	0.000204365036897986	0.000807103335243035	0.000906428365915621	0.0509531068354747	0.242512525528853	0.00240334972421894	0.216423327204622	0.0348041778106507	0.0113669866434115
TG>CA	0.00263451659017594	0.641222127886546	0.084033483855755	0.231217156021925	0.000861877443961149	0.242328063644874	0.00191903144880224	0.137448948068588	0.0243046733898044	0.0377334058442832	0.263806200657865	0.000252903786609016	0.0009598379409407	0.0283656557614006	0.0237210347173037	0.0784748692522542	0.00316658969530736	0.137448948068588	0.0228965940750299	0.00191903144880224	0.000861877443961149	0.00928520505164814	0.34598504285828	0.0228965940750299	0.194562938982847	0.00464260252582407	0.000815171278436971	0.0796279055978311	0.00159990461272936	0.223775633202018	0.000259621631170506	0.0228965940750299	0.20824556892334	0.0965739857060154	0.223905969436244	0.0556403161857657	0.146858045066683	0.161039688920146	0.199721383069569	0.54061150083825	0.176684266648559	0.775453333671189	0.235818616135162	0.224994400785739	0.00620371176364446	0.114848427212389	0.0228965940750299	0.225886225699358	0.075204148709467	0.209025070825944	0.015275111890234	0.182885007402697	0.0559641893062826	0.0651131167807961	0.0986278924850065	0.16583339033717	0.170183557887768	0.0299935157983294	0.0624947178802217	0.148886860195496	0.000296883026837987	0.0182365294431367	0.157411448306203	0.0207171389076895	0.0413537449154353	0.0532313110945576	0.291911012511722	2.02872405960442e-06	0.000816558469045985	0.0442192692951272	0.000985924993084098	0.259839034237253	0.416117664478644	0.000815171278436971	0.0744812736675971	0.238025534739981	0.0732327353325867	0.0138263059012283	0.000823183047654227	0.468560450351675	0.0509706441387746	0.00884353164140848	0.397789884951199	0.000288531811137736	0.00581157278240426	0.0554489162403058	0.0127127069591587	0.0410126692938638	0.00193114033396733	0.00875410414319903	0.148714757043281	0.0329997468914362	0.0927215826741711	0.92171241896758	0.0746538599415666	0.00120570201659216	0.000296883026837987	0.0024666371825037	0.00456703898010007	0.187525437361575	0.103060910050932	0.00426735802554073	0.17251294505155	0.138936840447438	0.0605430009228391
TG>CC	0.000442640053795909	0.0512682405900391	0.00498481500112067	0.0168407391623425	0.000916197450933491	0.0190285627857602	0.000115433520469156	0.0076687202754845	0.00135603614456484	0.00295172172737017	0.0187951954770015	5.76084597537991e-05	0.00102033192881511	0.00158261145335443	0.00132347305998503	0.00609798933710975	0.000384479752662612	0.0076687202754845	0.00127747485659257	0.000115433520469156	0.000916197450933491	0.000573316627330455	0.0199709727307772	0.00127747485659257	0.0119281485480832	0.000286658313665228	0.000866547619514931	0.00444269776330144	8.92638402467536e-05	0.0143867917599549	3.87494971896276e-05	0.00127747485659257	0.0146019210000902	0.00657258745861571	0.0168738498704247	0.00342155564601725	0.0162357126897503	0.00917733557198838	0.0130151106063297	0.0350180963553638	0.0155875394104875	0.0485901272084418	0.0161618871621638	0.0139232880981474	0.000346125094834352	0.0103533788480441	0.00127747485659257	0.0182242442129873	0.00776692736799712	0.0124809234672091	0.000876930329169432	0.0129618729898365	0.00649816595269746	0.00364311000038708	0.00736743366474187	0.00945878469226429	0.0168575875731811	0.00422736049195411	0.00473029523673999	0.00836600856300001	2.00764801396681e-05	0.00105725569873901	0.0107472969202811	0.00297458826484204	0.00236281650113173	0.00300531792343954	0.0222827315840549	2.1260789494897e-07	0.000868022238103505	0.00520900610089759	0.000884717472260167	0.0162028248517772	0.0294777535205224	0.000866547619514931	0.00415555056291584	0.0182484003266021	0.00602772017027376	0.0025663049923409	0.00087506433217025	0.0335540729435368	0.00288999780833518	0.000509738848521183	0.0341315855921975	1.61048666813155e-05	0.00161241495231314	0.00518722686630636	0.00102789586767493	0.00228982232697623	0.00107122534495509	0.00070377584916197	0.00909907404689898	0.00187811288649609	0.00876277724551904	0.0598745691980708	0.00510562627168819	0.000210456242288277	2.00764801396681e-05	0.000145775657247742	0.000256053413712876	0.0109477424991636	0.0114175633457142	0.000275967619283406	0.0142906017586558	0.00796611018455182	0.00337872519006114
TG>CT	0.000300772634942758	0.0724743001328756	0.00845875229025131	0.0250658445560198	0.000593898742897599	0.0272156015625458	0.000195773348083593	0.0136713926955922	0.00241747018743509	0.00424865653033535	0.0284684696544769	4.99788701169227e-05	0.000661400934093591	0.00282139677626765	0.00235941842642699	0.00875939401303455	0.000365038076600369	0.0136713926955922	0.00227741523954842	0.000195773348083593	0.000593898742897599	0.000955906058941975	0.0346383862800886	0.00227741523954842	0.0199188986815656	0.000477953029470988	0.000561714662452367	0.00792020879208373	0.000159134897308909	0.023267360370339	2.65111143272369e-05	0.00227741523954842	0.0223984802532871	0.0101954409498541	0.0247814150221631	0.00563677198644278	0.0192329640355264	0.0160695465162127	0.0208835443402214	0.0563161470346326	0.020505753253592	0.0801211666449284	0.0252146994226867	0.0229916133146569	0.000617053683442711	0.0136043283873898	0.00227741523954842	0.0255351636514331	0.00942123119071339	0.0212700007136754	0.00152934739209493	0.0195088414028312	0.00749689652369805	0.00648248558343545	0.0105732926037072	0.0165005087291445	0.0210027880043774	0.00447832137940797	0.0068826616747353	0.0148393371247165	3.15856303790277e-05	0.00183499908529095	0.0166496791377788	0.00307259613199636	0.00412208355548142	0.00531448393202457	0.0322615088102353	2.59985021036786e-07	0.000562670541695553	0.00594308066597835	0.000583758106728899	0.0266384345785434	0.0445996464926364	0.000561714662452367	0.00740829780864869	0.026277435002734	0.00840820709310659	0.00237524742422022	0.000567235377375182	0.0507933429873151	0.0050860957166801	0.000883392990853666	0.0459709256444253	2.87028349947269e-05	0.00127242710807044	0.00667047376624633	0.00127350370815785	0.00408026763419389	0.000700154493717561	0.000876833458233024	0.0152613031318815	0.00330395775881524	0.0112656580676894	0.0962723905057906	0.00796187917730304	0.000142711710536943	3.15856303790277e-05	0.000250117830768645	0.000454976441529724	0.0188772712895745	0.0133567585191158	0.000446626670065957	0.0197204656898357	0.0139413391372533	0.00602241343378128
TG>GA	0.0255660396377301	0.251909745849927	0.0255835618955659	0.0978198159226979	0.00592088075998521	0.0878201791590326	0.000306023375790898	0.0179100144453009	0.00316697259321694	0.0105804427547875	0.0888904429519566	0.000434581961812373	0.00659384467831111	0.00369613090224311	0.00309092270558805	0.0308599073547451	0.014187186778123	0.0179100144453009	0.0029834955915948	0.000306023375790898	0.00592088075998521	0.00157967205902101	0.0782281322700029	0.0029834955915948	0.043150421606608	0.000789836029510504	0.00560002117749768	0.010375757396081	0.000208472419234431	0.0598267336250123	0.00253486294115481	0.0029834955915948	0.0576558000821953	0.0384420510779389	0.0678743919747875	0.023766685270254	0.087121192236915	0.0328155646428965	0.0519811079511957	0.15454474210781	0.134423620985904	0.158591591365342	0.0508332014690341	0.0712826057490296	0.000808362441929429	0.0636465047705161	0.0029834955915948	0.105676451302557	0.0595398066333242	0.0327148372104176	0.00292447224599015	0.0935722220079999	0.0377831488567736	0.00855294705007715	0.0821315891998497	0.0428836293096835	0.111996088740058	0.0209967024972729	0.027072929014161	0.0205476526984498	6.21865424337015e-05	0.00302113060901616	0.0608996174118077	0.0239823379262141	0.00986086643078448	0.00732631567533162	0.127203070717921	9.29565806923901e-07	0.00560955082726969	0.0345290602445411	0.00568010137403881	0.0807266858398427	0.174803231259766	0.00560002117749768	0.00970513565971719	0.117221503665478	0.0247167003774169	0.0225799951031712	0.00565506001224648	0.136721640917901	0.00880984511620756	0.00226345259444311	0.232643766419729	3.7641707351184e-05	0.0197040515191285	0.0333944384286081	0.0344973173117308	0.00535473517571775	0.0163752761176829	0.0233383747676204	0.0247428578285486	0.00454720510872816	0.0461616067730052	0.23753590294655	0.0184600531720914	0.0116754941645959	6.21865424337015e-05	0.00037596923459164	0.000605695051169214	0.0378817276778443	0.0880020143318813	0.000809493118286129	0.083056193213888	0.0201504129032458	0.00789452909376758
TG>GC	0.00197171027829017	0.0819849217327576	0.0101517929938952	0.0299280807541471	0.000528714734530789	0.0304753431083736	0.000213537300219053	0.0149944306983914	0.00265141891525139	0.00454021878142119	0.0326204090979133	5.66788217133181e-05	0.000588808148644295	0.00309443517397097	0.00258774924188767	0.0100252702023146	0.00126798706078778	0.0149944306983914	0.00249781026273053	0.000213537300219053	0.000528714734530789	0.001040604519092	0.0399734883749244	0.00249781026273053	0.0224641370128326	0.000520302259546001	0.000500063053158814	0.00868668061067247	0.000174535048661384	0.0265500539094141	0.000195039135854459	0.00249781026273053	0.0249094145024933	0.0123136504390511	0.0272401273389452	0.00718001830309903	0.0209846671963331	0.0183611927854101	0.0236128451754563	0.0648182986696013	0.0269725695972633	0.0887098985024354	0.0272302731264697	0.0273985512023085	0.00067676855603394	0.0159772093871945	0.00249781026273053	0.0300100447912173	0.0117004580698228	0.0232127054646919	0.00172955471962308	0.0247218099850053	0.00831788905491868	0.00710837617815345	0.0154473341825691	0.0195090912274187	0.0249326498965645	0.0045508551168484	0.00814145589423117	0.0163214857669511	3.41460236155317e-05	0.00203438667527467	0.0199564528915799	0.00377308095168057	0.00481015254677461	0.00583490499550543	0.038088802135356	2.71097660463672e-07	0.000500914018826529	0.0068856150592795	0.00052301854396008	0.0315435052122225	0.0537304396513962	0.000500063053158814	0.00812522985464694	0.0319546042063971	0.00910553376816578	0.00298662027281476	0.000504977835955955	0.0565502780301297	0.00570643664020773	0.00103913953646903	0.0560437839211525	3.14795755368051e-05	0.00196158360313409	0.00790103583656902	0.00357598159878464	0.00447490713787317	0.00133268002749372	0.00243467232937272	0.01662491486967	0.00361847474818905	0.0125774891001318	0.10880621040845	0.00877622350941606	0.000901176578089636	3.41460236155317e-05	0.00027317067621431	0.000498995504988561	0.0213744094363139	0.0165032512357094	0.000484496711039403	0.0230962213003385	0.0153045473005889	0.00660510953945666
TG>GT	0.00950175336277108	2.61466692449926	0.0362302042750166	0.626753206469495	0.149742152553754	0.937468164385684	0.00162129149939646	0.0128383687679038	0.00227016913658779	0.149452428603711	0.678560212288995	0.00732422655720759	0.166761759907134	0.00264948371104704	0.00221565457965545	0.287410160620119	0.0138968052354742	0.0128383687679038	0.00213864800273006	0.00162129149939646	0.149742152553754	0.0103949423942491	0.0958985658301406	0.00213864800273006	0.184074292517829	0.00519747119712453	0.141627446904911	0.00743761542482414	0.00014943850571661	0.316538330984887	1.04300729935415e-05	0.00213864800273006	0.51480707450038	0.181029664476908	0.759428718383841	0.0340509424362623	1.37471808485272	0.0292910037851193	0.317284824960661	0.794981205011383	0.87319026710289	0.951139115052574	0.540052962337843	0.198365703189052	0.000579455430329713	0.650963071839095	0.00213864800273006	0.920885415877618	0.576286301215318	0.160674179055595	0.00430211016090399	0.400542432231816	0.573019415201518	0.00784708668342852	0.228740081179435	0.0153720492051004	1.21240066989357	0.443096503201425	0.201178801624495	0.0227519229983163	0.0006332686999159	0.00788199689442601	0.304545857582844	0.299124356027964	0.00608180279368897	0.0107946763926928	0.972967007907396	1.73292298775067e-05	0.141868456701897	0.458125095110412	0.143133435002399	0.254678074361036	0.977082350738167	0.141627446904911	0.00695689615005719	0.783696563906912	0.337695680156166	0.294993150916909	0.143019407649169	1.27472082468577	0.00938595056748066	0.00184333768670683	1.91405208360609	2.81132182586107e-05	0.204088375392762	0.34428183489613	0.00100595949915033	0.00410543729429336	0.148917615434781	0.000695017639970257	0.152120053074142	0.00945257620738421	0.609437985618843	1.43344874189827	0.164726809031509	0.00584633613589103	0.0006332686999159	0.00163614106919959	0.000636890818628336	0.0828391833072349	0.9209183005637	0.00692872263443494	0.767761806567402	0.048837035722306	0.00579909403466178
TT>AA	0.000616882993279832	0.204913478942155	0.00873699805493038	0.0551117894718692	0.00890848114346398	0.0744830436462103	0.000248299373355573	0.0116868356913933	0.00206654709571064	0.011823130127864	0.060854473679536	0.000451760643100858	0.00992101401140387	0.00241183917971267	0.00201692220323598	0.0231465647511766	0.000990379935162091	0.0116868356913933	0.00194682270477526	0.000248299373355573	0.00890848114346398	0.00135195127797909	0.0329820824825325	0.00194682270477526	0.026266803448741	0.000675975638989544	0.0084257199367855	0.0067705010642006	0.000136034670280196	0.036361151889218	5.81242457844416e-06	0.00194682270477526	0.0468797810970082	0.0182474008741027	0.0625738699900253	0.0063392179230189	0.0927392204542203	0.014464228574095	0.0345224119955187	0.0895758685740531	0.0651144048171066	0.117663594006229	0.0506323105049551	0.0293836953944489	0.000527481374555865	0.0474140101878906	0.00194682270477526	0.072069663126817	0.0398297357178478	0.0261054534692806	0.00146345877887204	0.0378487467382436	0.0382255657512617	0.00564056476238282	0.0209705417220841	0.0139619365296572	0.0848373187183791	0.0285428379844924	0.0167755352732927	0.0131765717295359	6.09906463600689e-05	0.00191284319387419	0.0303149817115315	0.0192457326869976	0.0036200979665923	0.00486880696665503	0.0803252834703548	1.18433138908661e-06	0.00844005812543329	0.030492340826835	0.00852820224907226	0.0354610923293158	0.0902484526738728	0.0084257199367855	0.0063328997396513	0.0648413488985428	0.0257442117530835	0.0184562197937616	0.00850853066062773	0.112336744715766	0.00459462566919837	0.000805376044879832	0.143957747908254	2.46015763910093e-05	0.0124421342211669	0.024653068723782	0.000867380681753635	0.00350338812787538	0.00888091067521052	0.00059999790131111	0.0208050325674959	0.0031819250830309	0.0432839395297991	0.157508471155752	0.0156443735054931	0.000371255183761344	6.09906463600689e-05	0.000292717589494939	0.000400720836484428	0.0197336375089492	0.0623185075248704	0.000748342495375076	0.0588474681949081	0.0139262617949303	0.00515628057683799
TT>AC	0.000111895188414506	0.0413494049260043	0.00186248439449317	0.011215816227675	0.00174910422450939	0.0150495956598099	5.22749388420587e-05	0.00254807319057631	0.000450567920238797	0.00238940327324673	0.0124113964058933	8.90216567237349e-05	0.00194790640955613	0.000525851728910098	0.000439748237183524	0.00468087587978512	0.000192696998054789	0.00254807319057631	0.000424464489091461	5.22749388420587e-05	0.00174910422450939	0.000282465297307323	0.00709583445812812	0.000424464489091461	0.00550789559147273	0.000141232648653661	0.00165431818271032	0.00147616794691166	2.96595507529149e-05	0.00753792013167427	2.13122234542952e-07	0.000424464489091461	0.00957684662645186	0.00374819301144398	0.0126852516354264	0.00133828860937139	0.0184563863268911	0.00313039816692071	0.00713522540410826	0.0185454148216535	0.0130574182432661	0.0245096997529079	0.0103705820927063	0.00616252362365559	0.000115006421286813	0.0095009185992854	0.000424464489091461	0.0145340125481495	0.00793731373915527	0.00550953671523544	0.000315012574571308	0.00773359993761872	0.00759767962566355	0.0012275298538644	0.00426275613823434	0.00303514476407248	0.0169338035220416	0.00565477637847794	0.00340051933870159	0.00286111611821616	1.25160294134399e-05	0.000408906072659667	0.00622289521953535	0.00380829972236093	0.000784543135147997	0.00105395574941065	0.0162699321252184	2.36092410244948e-07	0.00165713336365215	0.00605736254937908	0.00167473876470849	0.00741786056983862	0.0184295514450428	0.00165431818271032	0.00138075801451516	0.0131300258827493	0.00518487515037514	0.00364082319260065	0.00167057736141593	0.0228916500241986	0.000994940297062994	0.000173823089614586	0.028917762669857	5.36236432119708e-06	0.0024452488090311	0.00493175260929526	0.000175272420257773	0.000763486858539181	0.00173985073454197	0.000121461081368673	0.0043576600873019	0.000685529369660599	0.00865698183136399	0.0325741809150657	0.00320616151167828	6.87019551094733e-05	1.25160294134399e-05	6.20062743801582e-05	8.70963626663674e-05	0.00421350686384875	0.0123940285486354	0.000154730536029076	0.0118466748830614	0.00298976005590695	0.00112403448049341
TT>AG	0.000101481158067141	0.0416259612676373	0.00217429235405297	0.011592217111121	0.00161692554087669	0.0152028376271646	5.8834988452202e-05	0.00311158937695378	0.000550212748753148	0.00241177697489907	0.0128849592987193	8.33773784289774e-05	0.00180070437239505	0.000642145861265219	0.000537000251176037	0.00474359854898782	0.000186514819282519	0.00311158937695378	0.000518336443409767	5.8834988452202e-05	0.00161692554087669	0.000311893360576575	0.0084408353840685	0.000518336443409767	0.00614927275903599	0.000155946680288287	0.00152930241942062	0.00180262816594021	3.62188744771173e-05	0.0081773805803217	2.26038733606161e-18	0.000518336443409767	0.00997560572357997	0.00397826002517043	0.0129283700942028	0.00153229940341973	0.0178165117987075	0.00377189479990017	0.00767584294803432	0.0200582607033193	0.0129646509763641	0.0268800232955598	0.0108676533432086	0.00690604883210706	0.000140440533686782	0.00937892440464299	0.000518336443409767	0.0146228759724224	0.00771517696685656	0.00623850808420876	0.000374606313661957	0.00810738589146472	0.00730789283388149	0.00149288133600668	0.00443671272702317	0.0037041648433411	0.0165241705429596	0.00537848778061215	0.00347374985863304	0.00346309033883781	1.31840985052825e-05	0.000477860972815169	0.00659039934837896	0.00361871966732571	0.000949811819927322	0.0012668300750486	0.0165821047704553	2.28867612645547e-07	0.00153190485894551	0.00582122558910959	0.0015490719034464	0.0082546632696248	0.0192413867527365	0.00152930241942062	0.00168611796003295	0.0133861819001685	0.00518389546647582	0.00342634479491	0.00154433290242694	0.0236820583934229	0.00119869130529974	0.000208604863569787	0.0287909946709303	6.5442387052413e-06	0.00227880454605302	0.00484487883620717	0.000210617208007248	0.00093138242853254	0.00160755611940429	0.000146012797442121	0.00484201854032504	0.000815045950402364	0.00848679240739719	0.0350976700001938	0.00336783303536883	6.26205622188672e-05	1.31840985052825e-05	7.08443258990012e-05	0.000105628447207243	0.0049174659089897	0.0119699885632509	0.000166304461625125	0.0118561619555795	0.00352652133961114	0.00137211932591673
TT>CA	2.36596022169566e-17	0.022300128188664	0.00296933478043283	0.00803474074121345	1.90120024403195e-17	0.00845831781649866	6.87997936494948e-05	0.00494914215861938	0.000875141537386894	0.00132841213747469	0.00925439423740378	7.15034523468566e-06	2.11728957560448e-17	0.00102136585807538	0.000854126383760307	0.00273107852200404	6.16821536072221e-05	0.00494914215861938	0.0008244406422738	6.87997936494948e-05	1.90120024403195e-17	0.000332357937468949	0.0123300687558537	0.0008244406422738	0.00692878933756893	0.000166178968734474	1.79817193772861e-17	0.00286717235842457	5.7607973577777e-05	0.00792446633248576	2.26038733606161e-18	0.0008244406422738	0.00735338569722213	0.00336997935675266	0.00787155804323538	0.00193991062854597	0.00494904057046884	0.00575346199775555	0.00707576660852715	0.0191051242027552	0.00589211238322684	0.0276520057572555	0.00838373400845563	0.00793348794697555	0.000223377856730156	0.00391351361890273	0.0008244406422738	0.00779247459259211	0.0024864981832371	0.00749712410511108	0.000546342196693751	0.00630058180865824	0.00186577087595124	0.00234417043403117	0.00327866020427242	0.005891663766574	0.00571754684110073	0.000988681174045244	0.00216732894427738	0.00535614917928602	1.05643417564577e-05	0.000653849762801847	0.00549890781101462	0.000647898959704538	0.00147217342278443	0.00191488583550771	0.0101186693720569	6.94944473769139e-08	1.8012319170132e-17	0.0014564004826037	5.83937781275972e-06	0.00916650827925461	0.0144740260945659	1.79817193772861e-17	0.0026818569128083	0.00820094726189706	0.00255957261108604	0.000401882707177514	1.8158449580608e-17	0.0165120053262312	0.00182691358544487	0.000314213393881259	0.0135304950155027	1.03889613078726e-05	0.00012575667330449	0.0018776142960995	0.000334997448956392	0.00147669156591621	2.82548205191646e-17	0.000232240827427613	0.00532612845698299	0.00118690525053059	0.00317382936095104	0.0326653283390295	0.00264560391663965	1.0943093015683e-17	1.05643417564577e-05	8.85250315660732e-05	0.000164393260162447	0.00669791996379081	0.00337541326642887	0.000152301232260749	0.00593844108847901	0.00499283351039987	0.00217994983248904
TT>CC	8.78442723246389e-05	0.0680546564183354	0.0061459917773923	0.0215721241808614	0.00139964551298733	0.0253057991741102	0.000149723314758864	0.00980028150221662	0.00173295353937999	0.0039952468322404	0.0244425362255289	8.24409372565844e-05	0.0015587284208974	0.00202250664965423	0.00169133937378279	0.00802790946917402	0.000250024999381383	0.00980028150221662	0.00163255572727485	0.000149723314758864	0.00139964551298733	0.000747237839218309	0.0250121853228122	0.00163255572727485	0.01527248077763	0.000373618919609155	0.00132379705510878	0.00567756902658331	0.000114075195203519	0.0184578174455465	2.26038733606161e-18	0.00163255572727485	0.0191943447666662	0.00828285882879235	0.0224944013676814	0.00411204601714106	0.0225290326369502	0.0115268357480172	0.0168049678012924	0.0447972591714209	0.0196833810266327	0.0629753945250994	0.0214460702904044	0.0173702801234869	0.000442332389564667	0.013738289275654	0.00163255572727485	0.0238476405754015	0.0102489614525101	0.0161658368340097	0.00110879863359931	0.0160653780377832	0.00900506136100369	0.00465843010238466	0.00854857372260719	0.0116666609239089	0.022513906701764	0.00607545180237499	0.00611917329800169	0.0106889984245421	2.65825237326583e-05	0.00135255579518364	0.0136010615459696	0.0040628054328359	0.00293617534600689	0.00384631519067038	0.0288839385554422	2.97904712415297e-07	0.00132604978271543	0.00713032636371694	0.00134929512063574	0.0203082507731524	0.0374400345988162	0.00132379705510878	0.00531060774813526	0.023363686357509	0.00816276249479077	0.00354300949133242	0.00133680776436285	0.0442104537910244	0.00366100723826424	0.00063177406356722	0.044351497606564	2.05830771539119e-05	0.00215316510137912	0.00689003029205563	0.000663361285062134	0.00292671038946122	0.00139153514031301	0.000459882826589313	0.0118395194476369	0.00240988239171119	0.0119038757596665	0.0772877502366074	0.00671427823702476	5.42057050338024e-05	2.65825237326583e-05	0.000188443717990054	0.000327498150101674	0.0138746806411023	0.0152084738127523	0.000362656815696263	0.0187903757576725	0.0102221950287732	0.00431807994758128
TT>CG	2.4461972742474e-17	4.99308338397121e-16	3.09199739546789e-17	1.5789205619944e-16	1.90120024403195e-17	1.7734215480007e-16	5.22418305974975e-19	2.44027009405194e-17	4.31505431305618e-18	2.50876915561534e-17	1.55987867772703e-16	1.0734530369974e-18	2.11728957560448e-17	5.03604155763904e-18	4.21143504071915e-18	5.81902691830486e-17	1.44382482172425e-17	2.44027009405194e-17	4.06506376091439e-18	5.22418305974975e-19	1.90120024403195e-17	2.8490845396827e-18	9.76041624342151e-17	4.06506376091439e-18	6.58774874419846e-17	1.42454226984135e-18	1.79817193772861e-17	1.41371468761925e-17	2.84047236056762e-19	9.46051498940234e-17	2.34111545520667e-18	4.06506376091439e-18	1.09762705948857e-16	5.64325556126825e-17	1.42027467088234e-16	2.76504665159489e-17	2.11495427693481e-16	4.07417374617951e-17	8.62795124123458e-17	2.40480512428766e-16	2.11073911289521e-16	2.69925215963526e-16	1.07144186424349e-16	9.4503320478257e-17	1.10140765001602e-18	1.22948559684964e-16	4.06506376091439e-18	1.91424545952856e-16	1.10468077844269e-16	5.48967921623734e-17	3.82941466110083e-18	1.31157300392355e-16	8.92457338342621e-17	1.17826264825933e-17	1.00958700245941e-16	4.89646795752453e-17	2.20817798633029e-16	6.0806974800471e-17	4.61295733926452e-17	2.82861088878865e-17	1.29013030707652e-19	4.38818081604934e-18	9.12237476535114e-17	5.00775675296399e-17	1.16487024997017e-17	1.0335099214918e-17	2.1916155053626e-16	2.51997199442111e-21	1.8012319170132e-17	7.52933178883046e-17	1.81997960098109e-17	1.09987081509909e-16	2.69380263051215e-16	1.79817193772861e-17	1.32234132928568e-17	1.90226135339226e-16	5.68353706695055e-17	4.80758255798193e-17	1.8158449580608e-17	2.63910113947629e-16	1.14580336880497e-17	2.68216857651218e-18	4.06259242610952e-16	5.13725204168126e-20	3.68232054831152e-17	6.4518239776124e-17	3.23927158525153e-17	7.31600431218593e-18	2.85888556923317e-17	2.19234594534565e-17	4.38212322900893e-17	6.66149852200167e-18	1.0204778707451e-16	3.93230431887436e-16	3.55288566293817e-17	1.13076213375398e-17	1.29013030707652e-19	6.15066177054606e-19	8.39568127773171e-19	5.15427272494855e-17	1.69124736148884e-16	1.5804943304602e-18	1.54177358486523e-16	2.97867216759158e-17	1.07669686575251e-17
TT>GA	3.39785736419586e-06	0.00872935276184167	0.00104956085446974	0.00303115824987375	5.41389402824335e-05	0.00329138663550597	2.46015763910093e-05	0.00173219975551679	0.000306299538085414	0.000517732552992139	0.00347564651110741	5.14379411762568e-06	6.02923412481658e-05	0.000357478050326385	0.000298944234316108	0.00105721385051582	2.65352937579328e-05	0.00173219975551679	0.00028855422479583	2.46015763910093e-05	5.41389402824335e-05	0.000119771835625577	0.00433858565173461	0.00028855422479583	0.00248511244533846	5.98859178127886e-05	5.12050866077005e-05	0.0010035103254486	2.0162790752222e-05	0.00288054583821805	2.26038733606161e-18	0.00028855422479583	0.00275289874643212	0.00124175410494796	0.00302221739244096	0.000689437156050419	0.00222452600270637	0.00201888875823433	0.0025845740805883	0.00695621568145064	0.0023722954394492	0.00999611473131726	0.00312169893733021	0.00284094594279051	7.81822498555549e-05	0.00160137769025804	0.00028855422479583	0.00305293950294672	0.00107625568359909	0.00267505345121719	0.000192261545864036	0.00234402698963929	0.000858431087895367	0.0008210982064776	0.00122706496622662	0.00206208231830092	0.00243405439553641	0.000505311699725034	0.000829251082821916	0.00187785350193004	3.9165684500379e-06	0.00023108329448401	0.00202952438599871	0.000334290033250189	0.000516072231528474	0.000672316659926316	0.00388373918074481	3.05232236782139e-08	5.12922231606617e-05	0.000673991545185014	5.37878788554126e-05	0.00329170196239529	0.00540546934520037	5.12050866077005e-05	0.000938649919482908	0.00314589840607161	0.0010155394516233	0.00024692200611053	5.17083469009693e-05	0.0062245460619529	0.000641096807380621	0.000110344833736744	0.00541484182111904	3.63655716755292e-06	0.000117667934465301	0.000779858751643785	0.000117249107134757	0.000516941405607274	5.38252272902534e-05	8.12842895996777e-05	0.00191414837478862	0.000417721225073864	0.00132818833299943	0.0119203908683758	0.000983032796623909	2.09670191528884e-06	3.9165684500379e-06	3.14922786559164e-05	5.76137232840108e-05	0.00236792403969567	0.00151112577608586	5.56676557325139e-05	0.00235042008026818	0.00176046500205332	0.000763034567399577
TT>GC	6.43206444190253e-06	0.0018135024851402	2.79821111278746e-05	0.000437550457637656	0.000102483746487817	0.000650731196459833	1.18433138908661e-06	1.4161406770703e-05	2.50411786440409e-06	0.000103728125360209	0.000474374799596581	5.02013909467756e-06	0.000114131990456394	2.92252210875036e-06	2.44398539511613e-06	0.000199642042075695	9.54018086534739e-06	1.4161406770703e-05	2.35904302591217e-06	1.18433138908661e-06	0.000102483746487817	7.47525707586035e-06	7.89361324654778e-05	2.35904302591217e-06	0.000133473019658081	3.73762853793018e-06	9.69300301670852e-05	8.20408724341289e-06	1.64838657069085e-07	0.00022519055666815	2.26038733606161e-18	2.35904302591217e-06	0.000360288313567729	0.000127502052445741	0.000528274054554704	2.53673377625388e-05	0.000946190482381954	2.62629279320088e-05	0.000224793538834007	0.000564677074477527	0.000603788557232376	0.000680924395120046	0.000378717834240977	0.000144277499277025	6.39170302920944e-07	0.000449702169881382	2.35904302591217e-06	0.000638600094421415	0.000397032646879441	0.000118107578921677	3.53535550030633e-06	0.000280817761468031	0.000394177437486993	7.91634563178705e-06	0.000159937313590501	1.68583250350676e-05	0.00083585428537023	0.000304329605516677	0.000140008417894821	2.13859764889838e-05	4.44882978012647e-07	6.10338041692502e-06	0.000214320335087214	0.000205396948975915	5.74867064405541e-06	9.46700539282278e-06	0.000676739285490136	1.19356216073073e-08	9.70949776218545e-05	0.000315091334089429	9.79670722179403e-05	0.000184148721052147	0.000684195309576447	9.69300301670852e-05	7.67382819605546e-06	0.000545107699744241	0.00023389247195351	0.000202303423770546	9.78826901202295e-05	0.000890273363425255	8.40212628274989e-06	1.59976333182384e-06	0.00132436616547567	3.05232236782139e-08	0.000139783430126733	0.000237628972072625	9.58557056944423e-07	4.41346626840902e-06	0.000101889895138063	6.64530684441591e-07	0.000109895403791562	7.75834560863201e-06	0.000420516334193561	0.00101634332688301	0.000115604967294465	3.96900763896575e-06	4.44882978012647e-07	1.21591622469685e-06	6.14414470724044e-07	6.39381167492601e-05	0.000633831675732838	4.90742819926146e-06	0.000531816874701555	3.88445274484311e-05	6.33635158500113e-06
TT>GG	2.36596022169566e-17	4.68151184873792e-16	2.66319600080765e-17	1.46044234122331e-16	1.90120024403195e-17	1.6570222513213e-16	4.33182930053353e-19	1.79835165565675e-17	3.17996974476228e-18	2.33647015560625e-17	1.43044390497045e-16	1.06036177322183e-18	2.11728957560448e-17	3.71129970211551e-18	3.10360775089142e-18	5.43328823450208e-17	1.39307607288586e-17	1.79835165565675e-17	2.99573975954936e-18	4.33182930053353e-19	1.90120024403195e-17	2.41800642276753e-18	8.06217029771142e-17	2.99573975954936e-18	5.65240620241997e-17	1.20900321138377e-18	1.79817193772861e-17	1.04183391637804e-17	2.09327983198457e-19	8.370747166233e-17	2.26038733606161e-18	2.99573975954936e-18	9.98606351535537e-17	5.14425621137695e-17	1.31493951459314e-16	2.46374773619689e-17	2.04587055991673e-16	3.2915355614228e-17	7.66384097191167e-17	2.13919017545259e-16	2.0090962738397e-16	2.33303188891196e-16	9.627023439358e-17	8.30812219968125e-17	8.11679934851164e-19	1.17103502755647e-16	2.99573975954936e-18	1.79984011116754e-16	1.06350831657494e-16	4.51727995111897e-17	3.09425027470867e-18	1.21214900424469e-16	8.65529531112931e-17	8.74216780083003e-18	9.47453988485901e-17	4.06363030881983e-17	2.12001969679649e-16	5.95246259509669e-17	4.29522656681916e-17	2.13130800774345e-17	1.15310765657197e-19	3.52704673696203e-18	8.31511494286681e-17	4.89226294827966e-17	9.59770223871567e-18	7.84613875906958e-18	2.04344328629929e-16	2.42983563198175e-21	1.8012319170132e-17	7.30445988950343e-17	1.81922221633409e-17	9.68739250181376e-17	2.47890823693382e-16	1.79817193772861e-17	9.7449652178282e-18	1.77761028352798e-16	5.34402311625441e-17	4.725188878544e-17	1.8158449580608e-17	2.4159345918432e-16	9.0242948456246e-18	2.24004190487073e-18	3.85225633050646e-16	3.78977290174926e-20	3.63036009514365e-17	6.16631297553538e-17	3.08981815813958e-17	5.40069148906688e-18	2.82548205191646e-17	2.09057413325492e-17	3.6913085479547e-17	5.12204715745209e-18	9.75839130865115e-17	3.48760359778254e-16	3.20132093987007e-17	1.0943093015683e-17	1.15310765657197e-19	5.00246581657025e-19	6.26266649123241e-19	4.25032076591167e-17	1.63481561435644e-16	1.38295510841903e-18	1.45461562663482e-16	2.32897386457932e-17	7.93950897380165e-18
